SA2011;MDM_rank;MDM_PC_inc;MDM_PC_emp
N00000001;3051;9;5
N00000002;3726;5;14
N00000003;3733;9;10
N00000004;3409;11;12
N00000005;2828;14;14
N00000006;3871;5;10
N00000007;2891;13;14
N00000008;1594;13;28
N00000009;3824;11;8
N00000010;2821;10;17
N00000011;2398;6;20
N00000012;2724;8;18
N00000013;2679;9;22
N00000014;2703;8;20
N00000015;1141;12;34
N00000016;1040;17;25
N00000017;1473;18;23
N00000018;3243;8;16
N00000019;1633;9;29
N00000020;502;21;35
N00000021;1597;10;29
N00000022;1215;17;19
N00000023;1358;16;25
N00000024;3768;9;10
N00000025;3070;10;13
N00000026;3081;12;11
N00000027;1553;20;19
N00000028;3334;14;13
N00000029;2562;17;9
N00000030;2588;7;10
N00000031;2563;13;12
N00000032;3775;7;14
N00000033;1950;20;12
N00000034;4078;7;13
N00000035;1048;15;34
N00000036;3031;8;20
N00000037;2450;7;23
N00000038;2702;13;16
N00000039;2796;9;17
N00000040;1905;6;27
N00000041;3507;10;15
N00000042;3233;12;11
N00000043;2959;8;19
N00000044;854;23;19
N00000045;3499;9;11
N00000046;1312;24;11
N00000047;3561;7;16
N00000048;1721;15;20
N00000049;1399;12;28
N00000050;3693;11;13
N00000051;549;16;40
N00000052;600;21;29
N00000053;1016;13;35
N00000054;1690;10;27
N00000055;2029;12;24
N00000056;1881;11;22
N00000057;684;16;35
N00000058;898;21;27
N00000059;878;14;43
N00000060;1374;15;27
N00000061;2848;13;17
N00000062;4256;7;10
N00000063;2064;12;21
N00000064;150;23;42
N00000065;3998;3;10
N00000066;3777;8;9
N00000067;767;14;39
N00000068;4051;6;12
N00000069;79;24;48
N00000070;4056;4;13
N00000071;2895;6;17
N00000072;3659;9;13
N00000073;1797;11;21
N00000074;3734;10;10
N00000075;3154;8;17
N00000076;4178;4;9
N00000077;4331;3;10
N00000078;4455;7;6
N00000079;2872;12;11
N00000080;4116;8;9
N00000081;3250;13;14
N00000082;3059;15;10
N00000083;3043;12;9
N00000084;3841;9;6
N00000085;1515;13;27
N00000086;3578;6;16
N00000087;3755;8;11
N00000088;1640;10;33
N00000089;3769;8;13
N00000090;3672;6;12
N00000091;2688;13;18
N00000092;3585;10;10
N00000093;2339;13;16
N00000094;2969;13;9
N00000095;3252;8;12
N00000096;3340;8;12
N00000097;2697;14;14
N00000098;3577;10;9
N00000099;1883;6;30
N00000100;2049;9;25
N00000101;711;14;31
N00000102;1181;19;23
N00000103;2082;13;19
N00000104;1783;9;22
N00000105;2269;10;18
N00000106;430;16;37
N00000107;814;16;34
N00000108;3849;8;10
N00000109;2307;11;21
N00000110;2042;8;26
N00000111;4284;4;9
N00000112;2614;9;18
N00000113;2579;13;17
N00000114;3232;7;18
N00000115;847;17;32
N00000116;1070;14;32
N00000117;166;17;48
N00000118;3330;11;15
N00000119;3829;10;11
N00000120;3216;11;13
N00000121;2617;8;24
N00000122;3842;12;10
N00000123;4328;5;10
N00000124;3802;5;13
N00000125;2920;13;13
N00000126;2933;11;16
N00000127;2072;13;20
N00000128;2934;10;15
N00000129;92;18;56
N00000130;4214;8;9
N00000131;3846;9;9
N00000132;2882;14;11
N00000133;1944;17;18
N00000134;4058;8;10
N00000135;1604;14;23
N00000136;3852;10;9
N00000137;3497;9;14
N00000138;3742;12;12
N00000139;2408;11;22
N00000140;1785;13;26
N00000141;1555;14;29
N00000142;1463;13;31
N00000143;516;21;37
N00000144;896;21;32
N00000145;1354;5;40
N00000146;2664;13;11
N00000147;703;18;43
N00000148;722;22;29
N00000149;2472;8;23
N00000150;2083;17;18
N00000151;1051;14;35
N00000152;1063;13;33
N00000153;1996;12;23
N00000154;1581;15;24
N00000155;2058;17;15
N00000156;3318;14;12
N00000157;2504;14;17
N00000158;1421;18;19
N00000159;1753;11;25
N00000160;2651;10;19
N00000161;4384;8;7
N00000162;2054;12;24
N00000163;1000;15;31
N00000164;3464;10;10
N00000165;3185;12;15
N00000166;4179;9;10
N00000167;4186;11;8
N00000168;3615;13;11
N00000169;2742;12;14
N00000170;1777;18;20
N00000171;2580;14;15
N00000172;2835;12;14
N00000173;2992;11;14
N00000174;1252;14;35
N00000175;3215;6;15
N00000176;2103;13;24
N00000177;468;23;31
N00000178;1013;20;29
N00000179;647;19;33
N00000180;1262;15;31
N00000181;509;25;30
N00000182;2727;6;24
N00000183;2767;15;12
N00000184;1841;18;18
N00000185;3003;6;22
N00000186;1012;20;27
N00000187;781;18;33
N00000188;1134;19;27
N00000189;4045;10;6
N00000190;4038;8;12
N00000191;3910;8;12
N00000192;2665;11;14
N00000193;794;14;34
N00000194;2669;5;17
N00000195;2437;7;26
N00000196;1334;13;35
N00000197;3906;9;11
N00000198;3580;10;11
N00000199;3441;12;11
N00000200;3440;13;10
N00000201;3988;8;11
N00000202;4074;12;9
N00000203;2318;18;11
N00000204;3347;13;13
N00000205;4183;5;7
N00000206;2769;12;17
N00000207;1833;22;11
N00000208;4375;8;8
N00000209;4381;9;7
N00000210;1980;14;23
N00000211;2680;13;23
N00000212;1811;15;22
N00000213;2609;15;19
N00000214;3610;11;17
N00000215;3782;9;9
N00000216;2093;16;16
N00000217;4076;10;7
N00000218;4226;9;11
N00000219;374;25;40
N00000220;233;21;40
N00000221;1184;12;31
N00000222;2036;17;20
N00000223;3674;4;17
N00000224;1443;19;19
N00000225;1999;19;18
N00000226;2926;13;22
N00000227;2367;12;21
N00000228;3879;4;15
N00000229;3408;9;17
N00000230;1636;15;23
N00000231;548;21;30
N00000232;1026;18;28
N00000233;1067;14;26
N00000234;238;24;40
N00000235;2305;15;21
N00000236;1910;16;17
N00000237;4084;9;9
N00000238;4119;10;8
N00000239;693;19;38
N00000240;189;25;39
N00000241;3708;14;9
N00000242;4096;9;10
N00000243;1973;13;26
N00000244;552;15;36
N00000245;3207;10;15
N00000246;1101;15;33
N00000247;3217;17;12
N00000248;3944;6;13
N00000249;3482;10;13
N00000250;3101;13;15
N00000251;3395;12;13
N00000252;3035;8;8
N00000253;2957;13;11
N00000254;3528;11;8
N00000255;2755;16;11
N00000256;3555;10;7
N00000257;3170;11;16
N00000258;3486;13;7
N00000259;1828;17;18
N00000260;2130;13;21
N00000261;2030;19;15
N00000262;2849;7;15
N00000263;1438;15;25
N00000264;1409;18;20
N00000265;986;18;29
N00000266;3019;11;18
N00000267;4339;7;8
N00000268;3771;10;12
N00000269;3676;9;10
N00000270;3238;10;8
N00000271;3211;16;9
N00000272;3353;6;13
N00000273;3945;12;5
N00000274;3445;13;8
N00000275;3100;11;19
N00000276;3333;11;10
N00000277;4191;7;10
N00000278;2449;17;16
N00000279;911;26;20
N00000280;1189;15;30
N00000281;3710;9;11
N00000282;3650;10;12
N00000283;3819;10;10
N00000284;1726;17;21
N00000285;1086;15;32
N00000286;1769;12;25
N00000287;386;23;40
N00000288;2542;14;16
N00000289;2608;13;14
N00000290;897;14;30
N00000291;1464;19;18
N00000292;2792;16;11
N00000293;4098;9;9
N00000294;3245;12;9
N00000295;3593;11;14
N00000296;3774;9;12
N00000297;3429;9;17
N00000298;3288;9;15
N00000299;2632;14;18
N00000300;908;20;32
N00000301;4017;9;9
N00000302;3001;18;12
N00000303;3866;9;11
N00000304;3716;13;9
N00000305;3839;12;11
N00000306;4239;8;9
N00000307;3933;9;9
N00000308;4247;5;10
N00000309;3908;11;10
N00000310;2991;7;14
N00000311;809;18;33
N00000312;1347;16;27
N00000313;2749;13;17
N00000314;1661;9;31
N00000315;910;15;37
N00000316;2619;9;22
N00000317;863;13;43
N00000318;2066;9;25
N00000319;1322;17;24
N00000320;802;24;27
N00000321;1628;13;26
N00000322;1212;12;32
N00000323;2248;16;16
N00000324;3276;8;15
N00000325;2884;11;15
N00000326;1582;14;25
N00000327;481;25;26
N00000328;661;20;32
N00000329;1198;15;28
N00000330;3461;7;11
N00000331;1266;18;31
N00000332;195;25;41
N00000333;309;16;45
N00000334;493;22;33
N00000335;3920;10;11
N00000336;3038;13;19
N00000337;4110;11;8
N00000338;4269;4;9
N00000339;4048;9;9
N00000340;4003;5;10
N00000341;4418;5;7
N00000342;4075;8;13
N00000343;4173;8;11
N00000344;1482;13;28
N00000345;1217;17;27
N00000346;3120;13;15
N00000347;1394;12;25
N00000348;2711;12;19
N00000349;2866;8;23
N00000350;2429;12;22
N00000351;1655;19;14
N00000352;3033;12;14
N00000353;2999;11;14
N00000354;2417;16;13
N00000355;1852;18;16
N00000356;454;20;39
N00000357;1239;17;26
N00000358;371;24;38
N00000359;205;24;42
N00000360;2734;15;12
N00000361;1563;16;23
N00000362;2611;14;13
N00000363;2256;16;19
N00000364;1046;21;22
N00000365;365;30;28
N00000366;2244;15;17
N00000367;1493;20;17
N00000368;1307;20;18
N00000369;2150;15;15
N00000370;2623;13;16
N00000371;3114;12;14
N00000372;2764;13;14
N00000373;3830;9;13
N00000374;4165;8;9
N00000375;3063;6;22
N00000376;3199;13;11
N00000377;3780;8;15
N00000378;618;14;44
N00000379;3797;12;11
N00000380;1431;21;15
N00000381;1130;20;26
N00000382;1816;17;19
N00000383;871;22;20
N00000384;1435;21;17
N00000385;2317;15;16
N00000386;1258;17;27
N00000387;1236;18;26
N00000388;1632;16;26
N00000389;3098;14;13
N00000390;3469;11;12
N00000391;2987;13;12
N00000392;2997;12;13
N00000393;3237;10;13
N00000394;3345;8;14
N00000395;3381;6;12
N00000396;3027;14;9
N00000397;3291;10;14
N00000398;3287;12;11
N00000399;3028;12;14
N00000400;783;19;37
N00000401;1410;18;28
N00000402;651;26;20
N00000403;1668;20;19
N00000404;861;21;32
N00000405;523;24;31
N00000406;1591;20;17
N00000407;1845;16;16
N00000408;2644;14;15
N00000409;2560;8;22
N00000410;2707;15;12
N00000411;1480;18;19
N00000412;2740;11;16
N00000413;2383;15;14
N00000414;1714;19;14
N00000415;2239;11;21
N00000416;2407;14;16
N00000417;2530;15;15
N00000418;2806;10;16
N00000419;3622;11;11
N00000420;3062;8;12
N00000421;2576;16;11
N00000422;2384;8;26
N00000423;2790;13;14
N00000424;2946;13;11
N00000425;2888;14;11
N00000426;1942;15;20
N00000427;2031;14;19
N00000428;2320;13;18
N00000429;1940;19;15
N00000430;3095;10;16
N00000431;1066;23;19
N00000432;1782;14;23
N00000433;836;21;30
N00000434;2069;12;22
N00000435;1316;19;26
N00000436;2053;19;15
N00000437;3492;11;11
N00000438;3653;8;8
N00000439;3014;14;9
N00000440;2544;11;14
N00000441;2678;10;17
N00000442;923;22;27
N00000443;2661;18;13
N00000444;792;22;26
N00000445;4103;11;8
N00000446;4316;7;10
N00000447;3553;6;19
N00000448;359;21;39
N00000449;1820;17;14
N00000450;2653;13;18
N00000451;1964;16;21
N00000452;1406;19;17
N00000453;459;23;32
N00000454;1988;15;18
N00000455;2915;8;17
N00000456;3772;11;11
N00000457;3569;9;15
N00000458;4277;6;7
N00000459;3275;9;19
N00000460;2516;12;18
N00000461;3520;14;10
N00000462;2078;11;27
N00000463;964;21;24
N00000464;1641;20;19
N00000465;689;25;26
N00000466;3596;11;10
N00000467;2906;10;19
N00000468;3683;8;15
N00000469;3323;10;12
N00000470;2137;15;21
N00000471;2773;11;18
N00000472;1359;15;32
N00000473;1207;22;17
N00000474;2627;7;23
N00000475;433;29;32
N00000476;1560;20;18
N00000477;4295;8;8
N00000478;380;28;34
N00000479;4162;10;10
N00000480;3540;4;20
N00000481;2606;18;14
N00000482;913;6;42
N00000483;3837;9;11
N00000484;1893;10;24
N00000485;3427;7;15
N00000486;3923;8;9
N00000487;3551;9;13
N00000488;4235;6;7
N00000489;3758;8;12
N00000490;3191;9;13
N00000491;3826;10;10
N00000492;3428;9;13
N00000493;4454;4;8
N00000494;4156;8;9
N00000495;4159;8;8
N00000496;4193;8;9
N00000497;3259;12;11
N00000498;3821;5;13
N00000499;2662;9;21
N00000500;1205;14;32
N00000501;819;17;36
N00000502;394;16;47
N00000503;424;20;37
N00000504;108;25;45
N00000505;832;21;22
N00000506;4296;7;10
N00000507;362;22;38
N00000508;2511;10;20
N00000509;121;28;41
N00000510;237;23;45
N00000511;4238;3;6
N00000512;4365;7;6
N00000513;3996;6;13
N00000514;4335;8;8
N00000515;4240;3;11
N00000516;4212;6;11
N00000517;4432;4;11
N00000518;3631;11;7
N00000519;4047;9;10
N00000520;3257;9;17
N00000521;2250;16;20
N00000522;3075;10;19
N00000523;3793;13;10
N00000524;4133;10;6
N00000525;2615;11;22
N00000526;2336;9;17
N00000527;1116;14;19
N00000528;327;25;23
N00000529;938;21;27
N00000530;1788;18;21
N00000531;1450;17;21
N00000532;1128;20;23
N00000533;787;9;41
N00000534;2188;18;10
N00000535;3366;12;10
N00000536;2366;16;18
N00000537;3123;10;12
N00000538;3074;14;9
N00000539;3541;8;13
N00000540;3909;7;11
N00000541;3991;7;11
N00000542;3743;6;16
N00000543;3269;12;15
N00000544;1936;13;26
N00000545;2392;7;26
N00000546;1456;12;24
N00000547;1232;15;29
N00000548;1606;13;23
N00000549;558;14;45
N00000550;3692;11;12
N00000551;686;20;27
N00000552;2015;15;19
N00000553;1279;15;25
N00000554;383;19;34
N00000555;522;15;39
N00000556;400;21;35
N00000557;1963;19;13
N00000558;2914;13;16
N00000559;3549;10;10
N00000560;2675;14;11
N00000561;3292;8;11
N00000562;2814;8;16
N00000563;1220;18;31
N00000564;1244;22;19
N00000565;1323;16;27
N00000566;3198;10;22
N00000567;3868;7;11
N00000568;4301;4;8
N00000569;2800;11;17
N00000570;4102;9;12
N00000571;3526;14;6
N00000572;4170;11;7
N00000573;4504;3;6
N00000574;4430;8;7
N00000575;1925;18;16
N00000576;1918;16;18
N00000577;2512;6;17
N00000578;3544;8;13
N00000579;3752;7;14
N00000580;2587;15;14
N00000581;3854;10;8
N00000582;3538;11;10
N00000583;3367;9;13
N00000584;3218;13;10
N00000585;2351;14;10
N00000586;2825;13;10
N00000587;3484;12;8
N00000588;3639;9;12
N00000589;3419;9;14
N00000590;1861;17;16
N00000591;2783;14;12
N00000592;3025;8;16
N00000593;3511;10;10
N00000594;3415;6;9
N00000595;2885;14;14
N00000596;2923;9;15
N00000597;267;24;31
N00000598;1197;17;24
N00000599;240;16;47
N00000600;2649;13;13
N00000601;1757;19;18
N00000602;4174;8;7
N00000603;2601;12;17
N00000604;2864;6;18
N00000605;2397;13;17
N00000606;3280;7;12
N00000607;1201;17;27
N00000608;3306;8;11
N00000609;2607;16;16
N00000610;3564;12;11
N00000611;3349;11;11
N00000612;756;19;29
N00000613;922;15;34
N00000614;568;13;48
N00000615;197;20;52
N00000616;1108;19;29
N00000617;970;19;30
N00000618;1613;20;16
N00000619;4405;6;7
N00000620;3893;9;10
N00000621;2797;14;14
N00000622;2507;15;13
N00000623;2422;13;15
N00000624;3296;9;11
N00000625;2296;11;23
N00000626;2913;14;13
N00000627;1884;17;18
N00000628;3361;9;12
N00000629;1670;21;18
N00000630;760;19;33
N00000631;1742;19;13
N00000632;2759;15;10
N00000633;2486;17;11
N00000634;2181;16;15
N00000635;3184;7;11
N00000636;2684;14;13
N00000637;3645;6;15
N00000638;3307;5;19
N00000639;3690;9;15
N00000640;2229;12;22
N00000641;4094;4;12
N00000642;3869;6;10
N00000643;2302;11;16
N00000644;1417;17;23
N00000645;2051;17;14
N00000646;2391;8;15
N00000647;1027;17;30
N00000648;1961;18;17
N00000649;3312;8;14
N00000650;2628;13;16
N00000651;28;25;57
N00000652;2701;14;18
N00000653;3412;14;13
N00000654;1338;8;43
N00000655;2543;14;20
N00000656;1340;12;40
N00000657;2016;16;16
N00000658;3030;10;13
N00000659;2768;12;12
N00000660;1588;16;25
N00000661;1229;23;19
N00000662;1824;14;23
N00000663;3058;10;13
N00000664;1719;17;16
N00000665;2564;11;17
N00000666;2820;10;12
N00000667;2726;16;8
N00000668;2152;8;24
N00000669;2785;9;17
N00000670;2938;10;20
N00000671;1525;9;37
N00000672;3702;9;14
N00000673;2052;15;22
N00000674;3471;14;13
N00000675;4018;11;10
N00000676;3365;6;19
N00000677;1486;13;33
N00000678;2314;13;17
N00000679;3314;10;14
N00000680;2213;12;23
N00000681;2481;14;17
N00000682;3037;10;8
N00000683;3230;9;16
N00000684;2513;15;12
N00000685;1723;9;29
N00000686;3267;8;11
N00000687;2235;13;21
N00000688;2177;15;14
N00000689;3289;8;13
N00000690;2186;8;24
N00000691;843;20;31
N00000692;211;22;44
N00000693;1752;15;26
N00000694;1479;18;24
N00000695;1848;17;19
N00000696;9;29;57
N00000697;2863;16;17
N00000698;2195;16;24
N00000699;1755;9;32
N00000700;909;17;41
N00000701;851;18;33
N00000702;2373;16;15
N00000703;2334;9;23
N00000704;2531;10;22
N00000705;3494;9;16
N00000706;1795;18;17
N00000707;2878;11;18
N00000708;2840;10;16
N00000709;2754;11;14
N00000710;2693;12;18
N00000711;1849;16;16
N00000712;2035;13;17
N00000713;2444;13;15
N00000714;2202;17;14
N00000715;3175;14;14
N00000716;4222;5;12
N00000717;3785;12;12
N00000718;3689;11;12
N00000719;3220;17;9
N00000720;4441;5;6
N00000721;2089;14;14
N00000722;1725;17;20
N00000723;1378;17;19
N00000724;1461;18;20
N00000725;1397;20;17
N00000726;1413;18;15
N00000727;1083;9;34
N00000728;1283;26;14
N00000729;3116;9;17
N00000730;2953;9;16
N00000731;1872;9;29
N00000732;2715;12;18
N00000733;2591;9;20
N00000734;1995;15;20
N00000735;3034;9;15
N00000736;1862;15;20
N00000737;3115;11;11
N00000738;2416;15;15
N00000739;2070;16;13
N00000740;1389;22;13
N00000741;4105;7;12
N00000742;3364;10;17
N00000743;1079;18;28
N00000744;3470;14;12
N00000745;3687;11;13
N00000746;873;21;29
N00000747;2488;14;17
N00000748;4488;3;9
N00000749;2515;16;16
N00000750;3872;9;10
N00000751;3519;12;11
N00000752;3336;11;18
N00000753;3515;9;11
N00000754;3720;12;7
N00000755;4421;5;9
N00000756;2733;9;19
N00000757;3956;12;9
N00000758;701;18;34
N00000759;3509;9;17
N00000760;858;8;38
N00000761;1998;10;24
N00000762;137;28;46
N00000763;1803;10;25
N00000764;3525;3;16
N00000765;302;23;37
N00000766;2125;7;28
N00000767;3305;10;17
N00000768;574;23;36
N00000769;3747;9;16
N00000770;3678;12;13
N00000771;1151;10;38
N00000772;3026;12;15
N00000773;2337;14;19
N00000774;1381;15;24
N00000775;2297;14;17
N00000776;985;13;37
N00000777;1631;21;14
N00000778;2521;14;12
N00000779;2677;12;16
N00000780;3091;14;13
N00000781;3204;11;13
N00000782;2723;11;14
N00000783;2240;14;19
N00000784;1669;20;13
N00000785;3235;7;13
N00000786;2122;16;17
N00000787;3008;14;9
N00000788;1799;16;12
N00000789;2043;12;21
N00000790;2858;10;16
N00000791;2017;14;22
N00000792;2423;17;14
N00000793;2577;13;16
N00000794;2160;18;14
N00000795;3005;13;13
N00000796;1702;12;26
N00000797;2075;6;27
N00000798;2778;12;16
N00000799;1720;20;14
N00000800;2556;16;15
N00000801;2963;13;11
N00000802;3406;10;14
N00000803;2645;15;13
N00000804;3201;11;16
N00000805;3613;6;13
N00000806;1888;12;27
N00000807;2205;16;19
N00000808;1285;14;29
N00000809;2196;13;19
N00000810;2932;15;15
N00000811;1339;16;28
N00000812;571;25;33
N00000813;2312;14;18
N00000814;2480;14;19
N00000815;4050;10;11
N00000816;3178;9;23
N00000817;3226;5;21
N00000818;3067;14;18
N00000819;1403;12;28
N00000820;590;23;30
N00000821;665;13;44
N00000822;945;14;36
N00000823;2846;10;19
N00000824;209;22;43
N00000825;3372;5;20
N00000826;2553;10;28
N00000827;3904;4;17
N00000828;1491;15;30
N00000829;1549;15;29
N00000830;408;3;56
N00000831;879;16;39
N00000832;1057;7;35
N00000833;381;23;40
N00000834;2381;7;27
N00000835;2496;6;25
N00000836;1617;11;26
N00000837;1649;11;31
N00000838;1587;12;28
N00000839;2003;13;30
N00000840;2386;17;13
N00000841;63;20;57
N00000842;125;17;54
N00000843;487;22;35
N00000844;303;23;45
N00000845;398;28;33
N00000846;231;19;50
N00000847;39;24;52
N00000848;85;29;51
N00000849;133;28;48
N00000850;820;16;32
N00000851;34;29;56
N00000852;80;22;52
N00000853;190;16;46
N00000854;180;15;47
N00000855;3203;11;15
N00000856;4390;8;6
N00000857;4107;9;12
N00000858;2270;9;20
N00000859;3876;11;12
N00000860;4457;6;10
N00000861;4501;4;4
N00000862;3937;10;11
N00000863;4436;3;9
N00000864;3606;15;10
N00000865;4013;5;13
N00000866;1707;16;19
N00000867;2510;12;11
N00000868;3455;13;12
N00000869;987;19;28
N00000870;3951;6;15
N00000871;3851;4;13
N00000872;2725;10;17
N00000873;1003;12;31
N00000874;1393;8;32
N00000875;295;19;39
N00000876;325;16;50
N00000877;324;23;33
N00000878;154;14;48
N00000879;672;13;40
N00000880;788;11;36
N00000881;610;9;44
N00000882;35;25;50
N00000883;245;18;42
N00000884;526;18;43
N00000885;566;20;31
N00000886;2836;9;16
N00000887;3929;3;13
N00000888;2478;10;20
N00000889;3036;15;12
N00000890;3317;8;19
N00000891;1896;12;26
N00000892;3534;7;14
N00000893;4023;3;11
N00000894;2916;11;11
N00000895;2395;11;15
N00000896;3608;9;11
N00000897;3975;11;9
N00000898;3194;9;14
N00000899;1137;16;23
N00000900;758;17;31
N00000901;2751;9;19
N00000902;3413;7;10
N00000903;492;35;23
N00000904;1434;15;19
N00000905;1902;13;20
N00000906;3299;7;16
N00000907;274;21;31
N00000908;973;16;25
N00000909;1407;10;31
N00000910;455;19;30
N00000911;748;15;36
N00000912;453;27;27
N00000913;827;14;36
N00000914;2185;10;23
N00000915;2254;8;24
N00000916;1365;12;29
N00000917;864;19;32
N00000918;2208;11;20
N00000919;2905;8;19
N00000920;472;23;36
N00000921;3556;10;14
N00000922;2780;10;21
N00000923;1819;13;23
N00000924;1499;13;32
N00000925;1954;12;23
N00000926;525;16;41
N00000927;757;14;39
N00000928;2844;9;21
N00000929;975;8;37
N00000930;294;8;48
N00000931;173;14;52
N00000932;186;24;45
N00000933;593;18;42
N00000934;2108;9;25
N00000935;1193;13;30
N00000936;1054;11;37
N00000937;1878;8;29
N00000938;2440;7;25
N00000939;503;19;37
N00000940;196;23;42
N00000941;3126;16;9
N00000942;3271;8;15
N00000943;2774;14;16
N00000944;730;15;42
N00000945;3679;9;13
N00000946;366;20;33
N00000947;1127;17;31
N00000948;612;22;34
N00000949;1487;11;30
N00000950;517;23;31
N00000951;3155;10;17
N00000952;1242;19;23
N00000953;1446;15;26
N00000954;484;17;40
N00000955;3640;9;14
N00000956;1835;13;23
N00000957;4456;6;6
N00000958;4249;5;13
N00000959;4487;8;8
N00000960;4522;5;6
N00000961;4536;3;6
N00000962;1717;8;30
N00000963;3586;11;16
N00000964;4205;7;12
N00000965;3979;7;11
N00000966;4534;5;5
N00000967;3952;7;13
N00000968;3961;9;11
N00000969;2368;3;19
N00000970;2203;13;19
N00000971;2000;10;21
N00000972;881;11;34
N00000973;1255;21;20
N00000974;1626;3;27
N00000975;199;21;34
N00000976;244;20;40
N00000977;1502;13;23
N00000978;116;35;31
N00000979;1017;12;32
N00000980;946;22;15
N00000981;674;19;26
N00000982;958;19;22
N00000983;1147;16;28
N00000984;951;23;19
N00000985;489;14;40
N00000986;476;17;31
N00000987;1348;12;21
N00000988;2232;4;18
N00000989;280;21;33
N00000990;853;17;25
N00000991;868;17;30
N00000992;1191;15;24
N00000993;1140;11;26
N00000994;1032;16;26
N00000995;2463;15;14
N00000996;3352;7;20
N00000997;3617;12;12
N00000998;3533;12;11
N00000999;1385;15;26
N00001000;3997;6;12
N00001001;1622;12;21
N00001002;1680;14;23
N00001003;1659;19;16
N00001004;1088;19;23
N00001005;855;17;33
N00001006;3584;10;10
N00001007;3222;13;8
N00001008;1773;21;6
N00001009;2898;14;11
N00001010;2238;14;6
N00001011;2141;13;5
N00001012;1977;11;12
N00001013;2523;10;4
N00001014;2426;16;12
N00001015;3290;9;3
N00001016;2667;12;7
N00001017;3437;8;3
N00001018;3475;11;7
N00001019;1974;15;6
N00001020;415;24;30
N00001021;3388;7;5
N00001022;488;20;32
N00001023;1290;21;8
N00001024;2786;13;6
N00001025;1619;18;7
N00001026;1741;14;12
N00001027;1688;12;15
N00001028;235;10;54
N00001029;368;21;35
N00001030;378;16;33
N00001031;1330;11;23
N00001032;771;18;32
N00001033;14;36;77
N00001034;3073;8;16
N00001035;284;24;35
N00001036;1196;11;28
N00001037;3145;14;16
N00001038;3900;10;11
N00001039;4324;7;7
N00001040;1401;16;21
N00001041;729;17;41
N00001042;3272;9;17
N00001043;688;12;40
N00001044;2404;13;17
N00001045;3635;10;11
N00001046;4398;6;4
N00001047;3756;5;16
N00001048;3589;9;11
N00001049;3913;5;14
N00001050;3955;7;11
N00001051;4236;9;6
N00001052;229;42;38
N00001053;4304;7;7
N00001054;4220;8;9
N00001055;4223;8;9
N00001056;3688;8;15
N00001057;4188;6;8
N00001058;4391;4;7
N00001059;4015;4;16
N00001060;4270;4;8
N00001061;4300;7;6
N00001062;4407;6;9
N00001063;4359;7;9
N00001064;4475;6;9
N00001065;4400;6;7
N00001066;4474;7;10
N00001067;4502;5;11
N00001068;4422;5;6
N00001069;4379;9;8
N00001070;4509;8;5
N00001071;4014;11;10
N00001072;4052;10;11
N00001073;1754;10;27
N00001074;4518;4;6
N00001075;3322;8;14
N00001076;2345;10;31
N00001077;1289;11;39
N00001078;4267;6;9
N00001079;275;20;39
N00001080;2145;14;19
N00001081;2939;9;19
N00001082;1008;15;31
N00001083;3749;10;12
N00001084;1071;17;35
N00001085;1937;10;28
N00001086;3885;6;9
N00001087;3590;5;13
N00001088;3832;9;12
N00001089;1240;16;29
N00001090;1031;14;31
N00001091;2573;11;21
N00001092;1577;13;28
N00001093;304;17;45
N00001094;270;20;48
N00001095;282;21;41
N00001096;2114;13;21
N00001097;2501;8;25
N00001098;2753;9;17
N00001099;2685;12;22
N00001100;3105;5;22
N00001101;2295;11;19
N00001102;367;16;44
N00001103;542;18;40
N00001104;2338;10;22
N00001105;834;20;30
N00001106;603;16;35
N00001107;444;17;43
N00001108;198;24;45
N00001109;299;17;46
N00001110;172;24;43
N00001111;1202;12;36
N00001112;49;27;55
N00001113;451;13;43
N00001114;628;20;37
N00001115;955;12;40
N00001116;259;16;46
N00001117;391;22;40
N00001118;54;24;50
N00001119;283;16;46
N00001120;316;18;43
N00001121;62;21;58
N00001122;24;24;61
N00001123;464;13;46
N00001124;891;14;33
N00001125;215;27;31
N00001126;17;28;47
N00001127;33;26;50
N00001128;102;20;52
N00001129;705;11;38
N00001130;68;30;43
N00001131;650;14;33
N00001132;266;20;40
N00001133;595;22;29
N00001134;576;21;32
N00001135;565;15;35
N00001136;155;27;36
N00001137;352;16;44
N00001138;5;33;62
N00001139;2077;11;22
N00001140;255;29;35
N00001141;765;16;32
N00001142;543;21;37
N00001143;232;26;44
N00001144;167;22;42
N00001145;192;16;50
N00001146;226;14;54
N00001147;979;16;32
N00001148;225;13;50
N00001149;271;18;44
N00001150;206;14;45
N00001151;214;17;47
N00001152;194;17;43
N00001153;179;13;48
N00001154;583;14;35
N00001155;556;16;41
N00001156;165;19;47
N00001157;2468;8;22
N00001158;3725;9;15
N00001159;2948;5;20
N00001160;621;19;35
N00001161;649;8;41
N00001162;1248;11;31
N00001163;698;5;54
N00001164;2686;6;24
N00001165;2741;10;22
N00001166;1960;11;32
N00001167;2964;13;16
N00001168;329;10;51
N00001169;2549;10;23
N00001170;2442;9;23
N00001171;2600;12;22
N00001172;2536;12;19
N00001173;3300;10;17
N00001174;4344;9;7
N00001175;4527;1;6
N00001176;4007;7;13
N00001177;3326;11;14
N00001178;4146;9;10
N00001179;4438;2;7
N00001180;1561;18;29
N00001181;3966;7;15
N00001182;4364;3;8
N00001183;3875;9;15
N00001184;4462;4;10
N00001185;3973;5;13
N00001186;3838;12;10
N00001187;4189;11;11
N00001188;3332;4;22
N00001189;4305;7;11
N00001190;1620;15;23
N00001191;1710;12;20
N00001192;2469;11;20
N00001193;1036;18;30
N00001194;3107;6;18
N00001195;143;25;45
N00001196;3202;9;17
N00001197;676;16;33
N00001198;3085;13;16
N00001199;1801;11;22
N00001200;3981;4;15
N00001201;4280;7;8
N00001202;51;34;43
N00001203;726;12;48
N00001204;2388;8;27
N00001205;1510;12;31
N00001206;709;11;44
N00001207;3485;8;18
N00001208;1576;14;29
N00001209;1056;12;45
N00001210;1851;10;29
N00001211;1114;17;25
N00001212;1743;16;25
N00001213;290;18;49
N00001214;475;17;40
N00001215;622;20;37
N00001216;3124;7;18
N00001217;903;13;33
N00001218;3301;0;17
N00001219;524;15;37
N00001220;467;15;35
N00001221;98;19;52
N00001222;333;19;34
N00001223;714;14;39
N00001224;504;22;33
N00001225;1190;15;31
N00001226;338;26;40
N00001227;1277;10;30
N00001228;301;9;47
N00001229;1225;12;36
N00001230;1794;18;17
N00001231;1041;6;40
N00001232;3192;2;17
N00001233;3020;9;17
N00001234;1874;11;32
N00001235;883;13;40
N00001236;944;16;29
N00001237;993;11;39
N00001238;1863;7;30
N00001239;3329;4;20
N00001240;490;17;41
N00001241;804;11;40
N00001242;1120;8;35
N00001243;1380;7;32
N00001244;216;21;45
N00001245;754;12;42
N00001246;2352;14;16
N00001247;1033;12;26
N00001248;3371;10;13
N00001249;2967;10;19
N00001250;3125;8;16
N00001251;786;19;29
N00001252;1855;7;36
N00001253;1458;11;31
N00001254;3012;5;22
N00001255;1294;16;28
N00001256;3630;5;16
N00001257;671;18;37
N00001258;551;20;34
N00001259;296;23;41
N00001260;286;24;37
N00001261;720;15;36
N00001262;888;15;34
N00001263;2454;9;23
N00001264;732;11;31
N00001265;1529;11;21
N00001266;293;13;47
N00001267;162;22;39
N00001268;471;17;40
N00001269;2231;14;14
N00001270;1984;9;28
N00001271;1931;14;18
N00001272;2972;12;18
N00001273;1366;13;33
N00001274;846;14;35
N00001275;1353;16;28
N00001276;2055;8;25
N00001277;4446;4;11
N00001278;4129;7;9
N00001279;257;22;50
N00001280;577;18;38
N00001281;4450;8;5
N00001282;3899;12;11
N00001283;4312;10;9
N00001284;4426;3;7
N00001285;4213;6;9
N00001286;3611;13;13
N00001287;3592;9;13
N00001288;4299;8;9
N00001289;3677;7;14
N00001290;4368;6;11
N00001291;2718;10;22
N00001292;3682;8;17
N00001293;4408;4;12
N00001294;3649;5;15
N00001295;3977;8;11
N00001296;1326;12;32
N00001297;3255;10;21
N00001298;114;22;47
N00001299;1930;9;24
N00001300;3836;7;16
N00001301;3416;7;19
N00001302;84;24;44
N00001303;680;13;43
N00001304;2977;9;21
N00001305;3083;6;21
N00001306;87;20;53
N00001307;269;13;53
N00001308;1471;16;19
N00001309;540;19;31
N00001310;2101;10;21
N00001311;281;20;40
N00001312;557;18;33
N00001313;1376;16;25
N00001314;1238;13;33
N00001315;1253;13;37
N00001316;110;29;47
N00001317;1959;10;27
N00001318;957;16;35
N00001319;2393;13;19
N00001320;2909;11;18
N00001321;2654;7;21
N00001322;228;23;45
N00001323;2024;11;27
N00001324;3374;8;13
N00001325;4314;7;8
N00001326;4467;5;8
N00001327;4248;7;7
N00001328;4332;8;6
N00001329;4469;5;10
N00001330;4498;7;7
N00001331;3806;7;8
N00001332;2321;16;15
N00001333;3947;10;6
N00001334;4497;8;5
N00001335;3099;13;13
N00001336;4360;6;6
N00001337;4478;5;8
N00001338;2738;11;22
N00001339;1895;15;20
N00001340;1157;19;30
N00001341;3770;4;15
N00001342;3753;7;15
N00001343;4025;5;17
N00001344;4327;5;11
N00001345;3050;12;17
N00001346;4486;4;6
N00001347;3496;11;15
N00001348;3883;7;11
N00001349;3480;4;11
N00001350;120;17;53
N00001351;423;11;47
N00001352;601;18;32
N00001353;71;13;71
N00001354;47;20;63
N00001355;384;16;44
N00001356;336;14;57
N00001357;7;24;73
N00001358;59;25;48
N00001359;140;24;43
N00001360;694;13;33
N00001361;850;3;30
N00001362;191;6;54
N00001363;3727;11;10
N00001364;3157;12;13
N00001365;4134;5;9
N00001366;4024;12;7
N00001367;1427;10;27
N00001368;4197;6;8
N00001369;3623;12;12
N00001370;3450;10;16
N00001371;4313;9;10
N00001372;4258;7;11
N00001373;4065;9;11
N00001374;4321;8;12
N00001375;3148;6;21
N00001376;3132;6;13
N00001377;4064;8;12
N00001378;3884;11;12
N00001379;3478;4;12
N00001380;3503;7;15
N00001381;3517;11;14
N00001382;4413;4;8
N00001383;4396;6;3
N00001384;3792;9;11
N00001385;4464;3;4
N00001386;1923;10;16
N00001387;2990;9;16
N00001388;2813;6;17
N00001389;2156;17;16
N00001390;4437;6;8
N00001391;4523;6;7
N00001392;3258;7;15
N00001393;4175;9;6
N00001394;4112;6;10
N00001395;4257;7;8
N00001396;3193;11;11
N00001397;2937;5;14
N00001398;3054;9;14
N00001399;4468;7;8
N00001400;4262;12;8
N00001401;2799;15;15
N00001402;4276;10;6
N00001403;4070;8;13
N00001404;2980;10;24
N00001405;2169;12;26
N00001406;2123;16;21
N00001407;3297;4;17
N00001408;4525;5;6
N00001409;4362;3;6
N00001410;4512;6;8
N00001411;4531;3;5
N00001412;2023;11;33
N00001413;4493;9;6
N00001414;4353;4;12
N00001415;662;11;36
N00001416;2585;11;14
N00001417;132;18;53
N00001418;396;14;45
N00001419;959;10;38
N00001420;1021;10;36
N00001421;1099;14;27
N00001422;620;16;34
N00001423;717;7;43
N00001424;533;19;32
N00001425;1223;12;24
N00001426;339;18;40
N00001427;411;9;48
N00001428;784;16;35
N00001429;826;17;31
N00001430;178;24;41
N00001431;841;13;34
N00001432;22;31;48
N00001433;479;16;39
N00001434;426;18;39
N00001435;82;20;55
N00001436;159;19;46
N00001437;21;28;54
N00001438;456;12;40
N00001439;706;15;30
N00001440;625;12;48
N00001441;117;19;48
N00001442;351;16;41
N00001443;19;21;61
N00001444;40;18;64
N00001445;4366;6;8
N00001446;4068;11;12
N00001447;3881;12;11
N00001448;4449;3;9
N00001449;3737;14;11
N00001450;4506;2;7
N00001451;4378;6;9
N00001452;4511;5;7
N00001453;4519;8;6
N00001454;4496;5;6
N00001455;4499;7;9
N00001456;4500;4;10
N00001457;4393;9;8
N00001458;4401;3;8
N00001459;4513;5;7
N00001460;3443;9;17
N00001461;4508;7;7
N00001462;4495;9;5
N00001463;4288;6;8
N00001464;4406;7;6
N00001465;4427;9;7
N00001466;4187;7;8
N00001467;4537;1;1
N00001468;4022;11;4
N00001469;4472;6;3
N00001470;3644;11;4
N00001471;3957;9;2
N00001472;4521;7;4
N00001473;3894;11;5
N00001474;4470;8;7
N00001475;4423;8;7
N00001476;4460;8;3
N00001477;4480;3;5
N00001478;4167;12;4
N00001479;4479;5;4
N00001480;1512;11;34
N00001481;666;6;41
N00001482;2867;9;16
N00001483;2455;11;18
N00001484;1022;13;33
N00001485;2775;7;15
N00001486;4261;6;10
N00001487;2709;13;18
N00001488;1869;18;16
N00001489;3500;7;13
N00001490;2974;8;14
N00001491;3167;5;20
N00001492;735;19;31
N00001493;3263;5;15
N00001494;2382;13;14
N00001495;1941;10;18
N00001496;2218;14;17
N00001497;3018;10;18
N00001498;645;18;29
N00001499;774;16;27
N00001500;636;15;40
N00001501;369;16;39
N00001502;1072;9;25
N00001503;157;17;45
N00001504;382;10;41
N00001505;1126;14;21
N00001506;183;26;32
N00001507;683;11;36
N00001508;495;21;31
N00001509;1107;13;29
N00001510;1665;15;22
N00001511;291;17;36
N00001512;1143;11;23
N00001513;560;18;33
N00001514;3468;6;17
N00001515;4356;6;8
N00001516;4492;4;7
N00001517;4428;8;8
N00001518;4168;8;7
N00001519;1519;15;19
N00001520;962;13;34
N00001521;646;11;44
N00001522;2487;12;20
N00001523;581;9;40
N00001524;418;13;46
N00001525;2019;12;22
N00001526;1296;18;28
N00001527;3183;7;23
N00001528;4420;7;7
N00001529;2436;11;21
N00001530;4532;4;6
N00001531;221;14;51
N00001532;1387;5;33
N00001533;344;15;48
N00001534;607;11;46
N00001535;44;17;57
N00001536;953;4;41
N00001537;200;13;50
N00001538;2460;7;26
N00001539;441;15;45
N00001540;882;7;41
N00001541;142;16;57
N00001542;272;11;50
N00001543;220;15;49
N00001544;319;19;42
N00001545;264;23;38
N00001546;52;23;47
N00001547;584;13;42
N00001548;56;18;55
N00001549;86;20;54
N00001550;147;14;57
N00001551;539;15;42
N00001552;1341;8;38
N00001553;2;32;85
N00001554;48;19;63
N00001555;42;15;66
N00001556;1209;14;33
N00001557;8;37;57
N00001558;126;19;51
N00001559;412;20;45
N00001560;1247;10;33
N00001561;425;23;32
N00001562;104;23;48
N00001563;580;11;49
N00001564;739;13;38
N00001565;308;20;38
N00001566;404;15;43
N00001567;318;20;40
N00001568;2278;13;21
N00001569;529;17;34
N00001570;145;15;53
N00001571;342;13;48
N00001572;174;9;53
N00001573;101;19;49
N00001574;99;13;56
N00001575;310;16;44
N00001576;513;11;42
N00001577;177;17;52
N00001578;370;13;48
N00001579;3781;9;5
N00001580;4294;8;5
N00001581;4342;7;8
N00001582;4514;6;6
N00001583;3221;8;8
N00001584;2527;12;22
N00001585;4308;6;3
N00001586;4244;7;8
N00001587;3614;13;7
N00001588;2818;11;14
N00001589;3571;10;17
N00001590;4143;8;6
N00001591;4071;7;6
N00001592;2010;16;14
N00001593;2837;14;9
N00001594;2038;14;14
N00001595;2622;14;7
N00001596;3044;11;6
N00001597;2546;15;14
N00001598;2620;13;6
N00001599;3302;5;6
N00001600;3293;10;10
N00001601;3078;10;11
N00001602;3354;10;6
N00001603;1686;12;23
N00001604;761;20;27
N00001605;999;10;27
N00001606;1911;15;19
N00001607;669;19;26
N00001608;997;14;22
N00001609;1221;17;20
N00001610;1383;16;30
N00001611;643;18;37
N00001612;604;15;37
N00001613;1173;12;25
N00001614;528;18;31
N00001615;1005;15;28
N00001616;332;22;37
N00001617;2945;7;12
N00001618;798;14;29
N00001619;537;19;33
N00001620;586;15;32
N00001621;505;21;29
N00001622;1386;15;23
N00001623;57;32;41
N00001624;388;17;45
N00001625;146;27;46
N00001626;341;23;44
N00001627;65;34;48
N00001628;419;14;38
N00001629;1178;12;32
N00001630;23;30;53
N00001631;105;19;52
N00001632;520;22;36
N00001633;46;29;50
N00001634;83;18;51
N00001635;969;13;32
N00001636;616;14;40
N00001637;53;26;52
N00001638;13;33;57
N00001639;168;35;36
N00001640;496;15;43
N00001641;1528;14;27
N00001642;4194;5;10
N00001643;3177;13;12
N00001644;4082;10;8
N00001645;1623;7;34
N00001646;2002;14;24
N00001647;3142;6;17
N00001648;2877;14;10
N00001649;4207;5;8
N00001650;3739;9;15
N00001651;4250;6;9
N00001652;3655;9;14
N00001653;3740;13;12
N00001654;3762;10;11
N00001655;3130;11;17
N00001656;4011;5;12
N00001657;3980;8;10
N00001658;3430;8;14
N00001659;4337;8;5
N00001660;4016;5;16
N00001661;3730;10;9
N00001662;3591;4;17
N00001663;3738;6;14
N00001664;3736;4;13
N00001665;4124;8;10
N00001666;4123;3;15
N00001667;3788;6;15
N00001668;3940;3;13
N00001669;4419;5;8
N00001670;515;21;36
N00001671;1351;8;33
N00001672;2022;12;21
N00001673;3436;6;15
N00001674;617;22;30
N00001675;2127;11;24
N00001676;906;14;33
N00001677;4166;6;7
N00001678;3355;10;10
N00001679;3960;7;9
N00001680;3801;10;10
N00001681;2102;12;20
N00001682;3776;4;12
N00001683;956;15;35
N00001684;3295;12;13
N00001685;3994;9;9
N00001686;1929;18;18
N00001687;4062;9;11
N00001688;2567;9;23
N00001689;942;16;32
N00001690;3524;9;14
N00001691;312;21;39
N00001692;1281;20;23
N00001693;4202;4;8
N00001694;4147;6;9
N00001695;4303;3;10
N00001696;4125;8;11
N00001697;3344;10;11
N00001698;3341;4;17
N00001699;4195;10;6
N00001700;740;19;28
N00001701;2826;5;19
N00001702;3862;9;13
N00001703;954;16;36
N00001704;1370;12;32
N00001705;1152;16;28
N00001706;4402;7;7
N00001707;4208;6;9
N00001708;4371;7;8
N00001709;2834;8;19
N00001710;3985;9;8
N00001711;4451;4;6
N00001712;1787;10;30
N00001713;1938;5;34
N00001714;1172;13;33
N00001715;427;16;42
N00001716;3588;6;18
N00001717;3579;6;16
N00001718;3171;7;21
N00001719;592;23;24
N00001720;2744;4;25
N00001721;389;21;35
N00001722;1142;17;28
N00001723;658;22;27
N00001724;461;21;33
N00001725;657;17;33
N00001726;2350;8;21
N00001727;1275;9;31
N00001728;544;20;34
N00001729;2569;6;22
N00001730;1596;16;34
N00001731;639;19;36
N00001732;4104;6;12
N00001733;1392;18;19
N00001734;3346;9;14
N00001735;1520;17;20
N00001736;1432;10;35
N00001737;2720;11;17
N00001738;4113;5;13
N00001739;3080;11;12
N00001740;3490;10;15
N00001741;4114;8;9
N00001742;1251;19;31
N00001743;3071;12;18
N00001744;3895;6;10
N00001745;3694;10;7
N00001746;2534;10;20
N00001747;2961;11;15
N00001748;1600;19;10
N00001749;2850;13;9
N00001750;3897;7;13
N00001751;4278;7;8
N00001752;4090;6;11
N00001753;2272;14;20
N00001754;3642;13;9
N00001755;3715;12;10
N00001756;4290;6;8
N00001757;3439;9;17
N00001758;4087;7;8
N00001759;4392;5;6
N00001760;4154;7;11
N00001761;4343;7;10
N00001762;2098;6;26
N00001763;3787;8;15
N00001764;585;18;34
N00001765;3013;9;23
N00001766;3384;5;14
N00001767;4106;8;7
N00001768;4341;3;12
N00001769;4151;11;9
N00001770;4444;5;4
N00001771;4424;5;7
N00001772;4439;5;3
N00001773;4319;7;6
N00001774;3946;8;13
N00001775;4323;4;8
N00001776;4091;8;8
N00001777;4494;3;7
N00001778;4491;6;7
N00001779;2950;9;13
N00001780;4285;6;9
N00001781;4482;4;8
N00001782;4158;9;10
N00001783;4389;1;7
N00001784;1208;14;35
N00001785;1829;15;20
N00001786;3143;8;13
N00001787;996;18;30
N00001788;2432;9;23
N00001789;3963;9;9
N00001790;3166;7;18
N00001791;4311;8;10
N00001792;4266;6;11
N00001793;4387;7;8
N00001794;2966;10;23
N00001795;3971;9;11
N00001796;3633;12;13
N00001797;4243;7;12
N00001798;4425;7;7
N00001799;3514;8;14
N00001800;4217;4;9
N00001801;4377;6;10
N00001802;4033;8;11
N00001803;4216;3;8
N00001804;4477;7;7
N00001805;4259;8;11
N00001806;2346;8;25
N00001807;3093;9;12
N00001808;1722;9;27
N00001809;2193;11;18
N00001810;1163;14;26
N00001811;1806;3;26
N00001812;91;22;51
N00001813;1418;4;38
N00001814;1733;15;24
N00001815;4233;7;11
N00001816;3567;8;16
N00001817;4118;8;12
N00001818;3921;6;12
N00001819;3917;10;13
N00001820;4127;9;12
N00001821;3161;10;16
N00001822;4196;7;11
N00001823;4461;3;6
N00001824;3225;14;14
N00001825;3987;4;12
N00001826;4255;7;11
N00001827;4404;5;9
N00001828;3865;7;14
N00001829;2827;15;17
N00001830;1681;10;24
N00001831;3863;10;10
N00001832;1978;11;22
N00001833;1843;13;24
N00001834;1404;16;25
N00001835;870;17;24
N00001836;2084;5;26
N00001837;1767;5;29
N00001838;1934;12;25
N00001839;3745;8;13
N00001840;4448;5;7
N00001841;4485;3;9
N00001842;4517;3;10
N00001843;4302;3;13
N00001844;4169;10;14
N00001845;4227;4;10
N00001846;4516;4;5
N00001847;4354;8;7
N00001848;4397;8;12
N00001849;3531;10;15
N00001850;4476;4;8
N00001851;4529;3;7
N00001852;4528;5;7
N00001853;4131;7;9
N00001854;1364;15;26
N00001855;2589;15;12
N00001856;2732;10;21
N00001857;2329;12;24
N00001858;2266;11;19
N00001859;1412;15;29
N00001860;1662;12;29
N00001861;1419;14;24
N00001862;2571;13;16
N00001863;2943;12;19
N00001864;4415;9;10
N00001865;4533;5;7
N00001866;4095;11;10
N00001867;4466;3;9
N00001868;4411;10;6
N00001869;4083;11;9
N00001870;4524;6;7
N00001871;4410;5;7
N00001872;3547;12;9
N00001873;4463;7;6
N00001874;4370;5;7
N00001875;4526;7;5
N00001876;4234;7;11
N00001877;4434;7;8
N00001878;3711;12;11
N00001879;4079;10;10
N00001880;4004;3;11
N00001881;2374;8;24
N00001882;4351;2;9
N00001883;1808;10;27
N00001884;4049;4;12
N00001885;1007;12;43
N00001886;1219;15;31
N00001887;1798;16;20
N00001888;3094;5;21
N00001889;1420;16;30
N00001890;4445;5;10
N00001891;4330;11;7
N00001892;4111;6;11
N00001893;943;9;35
N00001894;2251;6;24
N00001895;1495;5;29
N00001896;1494;13;27
N00001897;2936;7;16
N00001898;2483;10;22
N00001899;485;23;37
N00001900;3643;9;11
N00001901;3934;8;8
N00001902;3918;10;9
N00001903;4163;10;7
N00001904;4206;3;11
N00001905;3160;6;15
N00001906;3339;7;14
N00001907;4144;8;11
N00001908;2138;10;23
N00001909;3460;6;17
N00001910;4352;8;8
N00001911;2525;10;21
N00001912;2955;10;23
N00001913;4182;3;10
N00001914;4394;7;11
N00001915;4489;6;8
N00001916;3848;12;11
N00001917;3814;7;13
N00001918;4440;5;9
N00001919;1734;12;23
N00001920;3818;9;14
N00001921;1460;8;28
N00001922;1263;18;32
N00001923;78;32;50
N00001924;1766;9;23
N00001925;1610;8;29
N00001926;1144;15;31
N00001927;1683;18;19
N00001928;2447;10;21
N00001929;3878;10;12
N00001930;1987;14;16
N00001931;2824;8;19
N00001932;3786;11;14
N00001933;4298;6;11
N00001934;2184;12;23
N00001935;4433;6;6
N00001936;4507;8;6
N00001937;4320;2;13
N00001938;2018;12;22
N00001939;2323;10;24
N00001940;4292;7;10
N00001941;4481;8;8
N00001942;3039;14;12
N00001943;2428;14;14
N00001944;1827;14;20
N00001945;2879;13;12
N00001946;2206;16;13
N00001947;3165;12;14
N00001948;50;35;51
N00001949;3420;12;14
N00001950;27;30;56
N00001951;3835;8;14
N00001952;2079;11;33
N00001953;723;19;38
N00001954;4142;9;10
N00001955;687;25;25
N00001956;37;28;53
N00001957;2805;12;17
N00001958;160;31;45
N00001959;164;27;47
N00001960;36;29;57
N00001961;2300;14;19
N00001962;3147;7;18
N00001963;138;22;50
N00001964;285;21;43
N00001965;3173;13;12
N00001966;3599;11;13
N00001967;1751;20;14
N00001968;588;18;32
N00001969;2657;16;13
N00001970;1732;14;27
N00001971;2519;14;15
N00001972;2183;20;14
N00001973;219;21;46
N00001974;1349;17;18
N00001975;1165;21;27
N00001976;1085;16;29
N00001977;980;16;29
N00001978;1517;14;27
N00001979;1557;15;30
N00001980;749;19;30
N00001981;203;18;56
N00001982;1738;15;24
N00001983;708;21;35
N00001984;2650;11;18
N00001985;619;12;46
N00001986;1648;11;35
N00001987;1444;18;26
N00001988;1265;16;28
N00001989;3103;14;13
N00001990;1226;14;32
N00001991;343;25;35
N00001992;466;19;43
N00001993;465;19;44
N00001994;2466;10;17
N00001995;1369;18;22
N00001996;1268;12;34
N00001997;2682;13;17
N00001998;3079;9;16
N00001999;3915;10;9
N00002000;3823;12;8
N00002001;2631;15;10
N00002002;3324;12;11
N00002003;2140;15;17
N00002004;1758;16;19
N00002005;3840;10;12
N00002006;1791;18;20
N00002007;3784;9;13
N00002008;1542;18;24
N00002009;741;23;32
N00002010;1607;24;12
N00002011;2299;17;12
N00002012;2074;15;17
N00002013;1445;14;28
N00002014;3241;12;15
N00002015;3954;7;12
N00002016;572;22;39
N00002017;3901;10;11
N00002018;2968;15;12
N00002019;2625;11;21
N00002020;3319;13;11
N00002021;2104;14;17
N00002022;2812;14;16
N00002023;3214;14;14
N00002024;3477;10;14
N00002025;1009;17;38
N00002026;773;23;29
N00002027;1299;17;31
N00002028;2757;15;17
N00002029;3385;12;13
N00002030;1060;15;33
N00002031;2364;17;18
N00002032;3701;13;11
N00002033;2823;16;14
N00002034;3903;10;16
N00002035;2907;10;21
N00002036;1933;16;19
N00002037;2762;13;12
N00002038;2220;15;20
N00002039;990;13;33
N00002040;1989;12;23
N00002041;2555;15;16
N00002042;3721;11;13
N00002043;1317;15;32
N00002044;2292;15;19
N00002045;2499;14;21
N00002046;3598;12;16
N00002047;2343;15;22
N00002048;2666;14;17
N00002049;1867;21;17
N00002050;865;15;39
N00002051;1543;15;29
N00002052;2219;12;19
N00002053;605;22;42
N00002054;1684;18;18
N00002055;1135;20;23
N00002056;2874;12;15
N00002057;2890;13;15
N00002058;1575;16;17
N00002059;936;18;36
N00002060;414;23;40
N00002061;2236;16;16
N00002062;877;24;24
N00002063;4473;5;8
N00002064;4120;9;7
N00002065;4535;6;7
N00002066;4203;9;10
N00002067;4265;7;6
N00002068;3423;13;17
N00002069;1781;18;18
N00002070;3234;13;14
N00002071;3705;9;10
N00002072;2134;18;17
N00002073;2045;12;25
N00002074;3021;12;17
N00002075;4044;10;10
N00002076;960;18;36
N00002077;2919;11;18
N00002078;822;21;35
N00002079;1947;15;24
N00002080;611;21;38
N00002081;550;17;38
N00002082;3618;8;9
N00002083;4363;9;12
N00002084;4215;10;9
N00002085;2808;18;13
N00002086;4453;7;7
N00002087;935;18;34
N00002088;1492;21;20
N00002089;4190;11;9
N00002090;1768;12;26
N00002091;1416;14;24
N00002092;596;22;31
N00002093;1711;13;25
N00002094;2128;12;19
N00002095;2380;9;21
N00002096;2989;12;11
N00002097;2182;13;18
N00002098;1507;14;19
N00002099;2473;13;17
N00002100;1195;21;17
N00002101;2303;10;18
N00002102;1029;18;23
N00002103;2341;8;24
N00002104;1612;12;26
N00002105;1735;11;22
N00002106;2712;9;21
N00002107;3045;12;15
N00002108;1064;12;36
N00002109;1693;13;23
N00002110;1199;18;24
N00002111;1472;17;19
N00002112;1985;13;21
N00002113;2348;11;15
N00002114;1953;11;26
N00002115;734;20;30
N00002116;815;15;30
N00002117;1922;17;21
N00002118;2330;14;19
N00002119;1169;6;39
N00002120;1796;16;26
N00002121;1854;14;17
N00002122;2048;11;15
N00002123;2975;7;14
N00002124;2410;11;19
N00002125;2129;14;19
N00002126;2582;11;18
N00002127;1730;18;17
N00002128;2656;10;16
N00002129;1405;14;29
N00002130;2359;13;18
N00002131;2789;13;13
N00002132;1278;19;16
N00002133;2419;15;13
N00002134;2133;16;13
N00002135;1868;16;16
N00002136;1257;11;25
N00002137;1716;10;29
N00002138;1826;15;24
N00002139;2385;16;17
N00002140;2568;17;13
N00002141;1297;12;28
N00002142;181;24;45
N00002143;2046;13;19
N00002144;1889;14;19
N00002145;998;22;22
N00002146;1675;16;20
N00002147;88;31;47
N00002148;3308;8;15
N00002149;2050;18;14
N00002150;2633;14;17
N00002151;2618;11;18
N00002152;961;18;24
N00002153;2643;12;14
N00002154;2599;8;18
N00002155;2495;15;14
N00002156;1846;8;25
N00002157;460;13;48
N00002158;2731;10;16
N00002159;2954;9;14
N00002160;2748;11;17
N00002161;2226;10;19
N00002162;2298;11;20
N00002163;2692;12;18
N00002164;1870;13;24
N00002165;3248;10;16
N00002166;2829;6;19
N00002167;2856;4;20
N00002168;3828;10;13
N00002169;2187;12;20
N00002170;1603;13;30
N00002171;3603;7;17
N00002172;3195;10;16
N00002173;3660;10;9
N00002174;2159;13;18
N00002175;3815;8;12
N00002176;3803;7;13
N00002177;2287;17;14
N00002178;2280;11;20
N00002179;2253;16;18
N00002180;799;20;25
N00002181;3616;12;11
N00002182;3543;8;13
N00002183;803;17;28
N00002184;452;24;30
N00002185;385;24;28
N00002186;482;26;24
N00002187;2225;16;18
N00002188;1080;16;22
N00002189;2076;10;20
N00002190;828;22;21
N00002191;268;24;41
N00002192;2981;9;16
N00002193;885;17;26
N00002194;950;15;33
N00002195;2007;11;23
N00002196;3090;15;12
N00002197;3396;7;13
N00002198;1470;13;30
N00002199;1210;12;33
N00002200;1481;14;29
N00002201;613;16;46
N00002202;2044;13;26
N00002203;4101;7;10
N00002204;3380;13;9
N00002205;4001;12;8
N00002206;4066;5;11
N00002207;2179;10;21
N00002208;1856;12;23
N00002209;2918;7;19
N00002210;3587;10;13
N00002211;1062;20;23
N00002212;2068;18;18
N00002213;2357;14;16
N00002214;3452;9;14
N00002215;1924;16;20
N00002216;1595;17;25
N00002217;2284;12;28
N00002218;2518;11;15
N00002219;2088;12;22
N00002220;2781;15;11
N00002221;1598;12;20
N00002222;242;27;28
N00002223;213;44;29
N00002224;695;19;32
N00002225;376;22;32
N00002226;1025;19;28
N00002227;821;20;29
N00002228;766;23;26
N00002229;2247;12;22
N00002230;261;23;38
N00002231;45;29;49
N00002232;818;18;27
N00002233;1055;18;22
N00002234;972;17;31
N00002235;716;18;38
N00002236;241;19;48
N00002237;1100;15;26
N00002238;500;20;31
N00002239;637;15;40
N00002240;1592;10;33
N00002241;417;22;36
N00002242;1177;12;33
N00002243;1363;9;34
N00002244;2349;8;24
N00002245;428;3;58
N00002246;3684;6;12
N00002247;2659;13;15
N00002248;2988;10;17
N00002249;3794;10;10
N00002250;3648;7;14
N00002251;2928;6;19
N00002252;3084;8;14
N00002253;2149;14;18
N00002254;2841;11;12
N00002255;2894;12;14
N00002256;3338;10;13
N00002257;1979;16;20
N00002258;3491;8;14
N00002259;1090;20;27
N00002260;2978;14;11
N00002261;3882;8;11
N00002262;3421;8;8
N00002263;3327;12;10
N00002264;2333;8;19
N00002265;2065;11;20
N00002266;849;8;39
N00002267;677;20;30
N00002268;823;22;25
N00002269;392;16;35
N00002270;712;16;35
N00002271;247;19;41
N00002272;402;17;43
N00002273;2376;14;17
N00002274;725;16;29
N00002275;553;17;36
N00002276;2230;13;20
N00002277;569;21;29
N00002278;449;12;41
N00002279;624;12;40
N00002280;1335;13;30
N00002281;630;10;40
N00002282;289;14;50
N00002283;660;17;38
N00002284;655;14;45
N00002285;2691;10;17
N00002286;2670;10;22
N00002287;1672;14;28
N00002288;778;17;36
N00002289;2148;11;22
N00002290;2761;12;20
N00002291;1441;18;18
N00002292;2889;15;14
N00002293;1043;11;35
N00002294;3867;3;13
N00002295;3303;7;18
N00002296;3671;9;13
N00002297;4253;7;11
N00002298;2880;7;22
N00002299;3530;11;14
N00002300;4006;9;8
N00002301;3180;9;16
N00002302;4073;11;8
N00002303;3087;12;13
N00002304;812;15;28
N00002305;3542;12;9
N00002306;2717;12;14
N00002307;3853;8;12
N00002308;3925;9;14
N00002309;287;27;39
N00002310;939;19;31
N00002311;2268;14;20
N00002312;1133;16;34
N00002313;2862;15;17
N00002314;3855;8;16
N00002315;4061;11;8
N00002316;2570;9;27
N00002317;3454;5;15
N00002318;3489;5;17
N00002319;3629;12;12
N00002320;1653;17;19
N00002321;3713;5;14
N00002322;4136;5;12
N00002323;3407;12;13
N00002324;4020;4;13
N00002325;3570;8;12
N00002326;2635;10;23
N00002327;3661;11;12
N00002328;4318;4;9
N00002329;2971;7;19
N00002330;3156;14;13
N00002331;3032;16;12
N00002332;3402;11;13
N00002333;2929;16;11
N00002334;2034;10;23
N00002335;4012;9;9
N00002336;1746;15;23
N00002337;1002;14;31
N00002338;733;21;29
N00002339;2025;15;21
N00002340;1744;9;25
N00002341;742;17;25
N00002342;1329;5;36
N00002343;3321;8;17
N00002344;208;29;34
N00002345;1986;9;26
N00002346;2192;17;16
N00002347;2737;13;15
N00002348;899;20;30
N00002349;1772;18;16
N00002350;2354;11;22
N00002351;3197;13;14
N00002352;3376;5;19
N00002353;2370;12;18
N00002354;1467;13;29
N00002355;1452;8;31
N00002356;2402;9;21
N00002357;518;22;37
N00002358;1324;12;27
N00002359;904;15;33
N00002360;3004;7;22
N00002361;1224;15;29
N00002362;326;23;35
N00002363;791;17;35
N00002364;176;23;41
N00002365;857;20;27
N00002366;746;22;23
N00002367;3560;11;15
N00002368;2982;12;13
N00002369;2176;17;13
N00002370;2356;15;15
N00002371;3097;14;12
N00002372;2705;13;15
N00002373;2223;13;20
N00002374;2528;4;20
N00002375;3048;10;12
N00002376;3686;9;11
N00002377;2509;17;11
N00002378;3304;13;11
N00002379;4108;9;9
N00002380;2605;13;16
N00002381;3718;10;11
N00002382;3104;13;16
N00002383;4210;10;7
N00002384;3844;8;8
N00002385;3138;12;16
N00002386;514;18;37
N00002387;38;29;51
N00002388;175;31;31
N00002389;379;22;43
N00002390;317;21;33
N00002391;4032;7;12
N00002392;4306;5;8
N00002393;4336;7;10
N00002394;1689;14;27
N00002395;3139;12;17
N00002396;597;15;37
N00002397;123;21;56
N00002398;893;15;34
N00002399;375;23;37
N00002400;3377;2;17
N00002401;2427;17;16
N00002402;4383;5;12
N00002403;2243;19;17
N00002404;2559;12;20
N00002405;2713;13;18
N00002406;3905;7;11
N00002407;3164;13;21
N00002408;3962;7;12
N00002409;1284;19;30
N00002410;2358;11;27
N00002411;4403;5;7
N00002412;3992;10;11
N00002413;3453;12;16
N00002414;4097;10;11
N00002415;3117;15;14
N00002416;1521;13;29
N00002417;1590;17;24
N00002418;886;26;17
N00002419;1779;19;18
N00002420;1562;18;16
N00002421;1805;14;16
N00002422;1873;11;18
N00002423;541;15;48
N00002424;2294;9;30
N00002425;1715;10;32
N00002426;3057;12;18
N00002427;469;19;47
N00002428;1345;12;36
N00002429;697;13;46
N00002430;387;20;44
N00002431;74;24;53
N00002432;29;26;65
N00002433;1454;13;30
N00002434;6;37;59
N00002435;775;10;47
N00002436;925;16;34
N00002437;3487;9;14
N00002438;1222;10;39
N00002439;736;17;41
N00002440;535;20;42
N00002441;360;19;50
N00002442;273;16;51
N00002443;901;16;37
N00002444;2293;9;26
N00002445;4128;5;8
N00002446;185;28;46
N00002447;443;18;42
N00002448;1110;18;28
N00002449;1955;13;29
N00002450;1822;12;31
N00002451;32;29;58
N00002452;1466;12;38
N00002453;1678;8;35
N00002454;1233;7;41
N00002455;4347;8;7
N00002456;3822;3;17
N00002457;2228;16;16
N00002458;1161;10;35
N00002459;2136;16;20
N00002460;3320;5;19
N00002461;2099;12;19
N00002462;1750;16;20
N00002463;1981;14;16
N00002464;1663;15;21
N00002465;96;22;52
N00002466;97;23;49
N00002467;546;17;38
N00002468;833;17;38
N00002469;446;21;41
N00002470;632;17;38
N00002471;719;16;40
N00002472;297;15;51
N00002473;258;15;51
N00002474;406;15;48
N00002475;106;26;54
N00002476;115;28;50
N00002477;902;15;35
N00002478;94;26;48
N00002479;2722;11;21
N00002480;1578;17;22
N00002481;118;22;50
N00002482;210;13;50
N00002483;69;22;55
N00002484;70;31;48
N00002485;633;14;40
N00002486;420;19;37
N00002487;2998;10;19
N00002488;1019;19;31
N00002489;3285;6;17
N00002490;2779;12;19
N00002491;204;20;47
N00002492;152;25;46
N00002493;169;22;49
N00002494;416;12;47
N00002495;1188;12;35
N00002496;813;8;44
N00002497;498;17;46
N00002498;967;15;34
N00002499;3262;8;18
N00002500;1523;21;19
N00002501;3572;12;12
N00002502;3277;9;18
N00002503;3967;7;14
N00002504;1651;16;28
N00002505;848;17;35
N00002506;506;20;37
N00002507;1125;13;34
N00002508;111;21;55
N00002509;450;20;45
N00002510;1039;20;30
N00002511;1;39;70
N00002512;1104;17;32
N00002513;2838;15;13
N00002514;3712;12;12
N00002515;2260;11;22
N00002516;3456;10;13
N00002517;2922;12;19
N00002518;1967;18;17
N00002519;1858;13;24
N00002520;3886;8;13
N00002521;1615;16;24
N00002522;358;25;33
N00002523;1522;11;30
N00002524;852;20;28
N00002525;2689;12;17
N00002526;2893;10;18
N00002527;4130;12;9
N00002528;3219;13;20
N00002529;3670;6;17
N00002530;3907;9;14
N00002531;3663;8;17
N00002532;2157;13;23
N00002533;867;16;39
N00002534;780;18;40
N00002535;3680;4;18
N00002536;2389;17;13
N00002537;2222;12;22
N00002538;3064;12;13
N00002539;1259;7;35
N00002540;3121;11;15
N00002541;3053;9;20
N00002542;3658;7;19
N00002543;2142;11;24
N00002544;2904;11;20
N00002545;2119;15;19
N00002546;1118;17;34
N00002547;2249;14;24
N00002548;824;12;46
N00002549;3472;8;16
N00002550;3495;10;16
N00002551;1842;15;24
N00002552;1775;14;24
N00002553;2476;16;18
N00002554;3055;12;18
N00002555;2750;10;20
N00002556;965;22;22
N00002557;1642;15;25
N00002558;1635;15;29
N00002559;1138;12;36
N00002560;3799;10;12
N00002561;3950;3;13
N00002562;3827;8;14
N00002563;3387;13;15
N00002564;1814;11;29
N00002565;866;20;27
N00002566;3597;8;16
N00002567;1945;13;23
N00002568;2859;7;20
N00002569;3362;12;19
N00002570;3337;4;20
N00002571;3449;7;20
N00002572;4338;7;12
N00002573;1073;16;37
N00002574;887;13;39
N00002575;407;23;38
N00002576;1015;16;36
N00002577;534;21;39
N00002578;81;34;52
N00002579;93;26;50
N00002580;2221;9;26
N00002581;3331;5;22
N00002582;288;18;50
N00002583;236;13;51
N00002584;58;29;54
N00002585;129;15;53
N00002586;448;16;47
N00002587;251;22;42
N00002588;357;16;43
N00002589;207;25;47
N00002590;422;20;41
N00002591;1411;17;24
N00002592;2672;12;19
N00002593;1593;13;29
N00002594;218;22;42
N00002595;1024;14;37
N00002596;2832;10;22
N00002597;2282;16;20
N00002598;239;21;46
N00002599;2621;6;22
N00002600;2634;12;22
N00002601;3112;5;26
N00002602;3281;10;18
N00002603;30;29;59
N00002604;1203;18;27
N00002605;16;25;65
N00002606;480;12;49
N00002607;61;23;60
N00002608;772;20;43
N00002609;4388;3;3
N00002610;933;17;26
N00002611;364;41;29
N00002612;679;23;32
N00002613;25;28;65
N00002614;307;19;52
N00002615;710;18;39
N00002616;77;30;49
N00002617;800;20;36
N00002618;276;18;52
N00002619;474;20;38
N00002620;1971;12;21
N00002621;994;19;29
N00002622;894;17;37
N00002623;1875;12;26
N00002624;254;22;46
N00002625;521;16;39
N00002626;1699;17;20
N00002627;1298;11;35
N00002628;659;17;45
N00002629;67;27;56
N00002630;246;20;50
N00002631;124;31;42
N00002632;627;17;39
N00002633;1131;16;31
N00002634;2505;11;22
N00002635;1020;13;35
N00002636;1886;11;27
N00002637;3135;9;13
N00002638;1243;20;23
N00002639;363;19;46
N00002640;3545;5;16
N00002641;3750;9;13
N00002642;3699;11;12
N00002643;4209;5;10
N00002644;642;16;38
N00002645;1447;13;32
N00002646;1346;19;27
N00002647;3176;13;16
N00002648;924;19;35
N00002649;3473;6;18
N00002650;1037;16;29
N00002651;3722;13;9
N00002652;884;14;32
N00002653;1712;10;30
N00002654;992;13;33
N00002655;161;16;53
N00002656;1541;12;27
N00002657;1540;8;29
N00002658;564;19;30
N00002659;20;25;52
N00002660;1894;21;11
N00002661;334;18;50
N00002662;2095;18;15
N00002663;2803;8;20
N00002664;348;20;42
N00002665;3386;11;13
N00002666;3488;4;14
N00002667;1505;11;28
N00002668;1728;12;28
N00002669;1899;14;19
N00002670;2325;13;20
N00002671;2706;10;19
N00002672;119;19;51
N00002673;934;17;30
N00002674;606;17;39
N00002675;3573;11;11
N00002676;2839;10;21
N00002677;3236;12;10
N00002678;3017;13;14
N00002679;2377;13;18
N00002680;3502;12;14
N00002681;3393;7;11
N00002682;3481;12;11
N00002683;3810;9;8
N00002684;3278;12;13
N00002685;3624;8;7
N00002686;3559;7;9
N00002687;2146;16;19
N00002688;2529;15;14
N00002689;1089;15;33
N00002690;1694;10;31
N00002691;3382;9;16
N00002692;2151;10;27
N00002693;713;14;52
N00002694;3529;8;15
N00002695;3279;9;15
N00002696;2896;14;17
N00002697;2965;15;12
N00002698;3129;13;17
N00002699;796;17;34
N00002700;2163;12;21
N00002701;2561;13;13
N00002702;1646;10;29
N00002703;3047;12;12
N00002704;3817;9;9
N00002705;2200;14;16
N00002706;2131;16;19
N00002707;2313;18;14
N00002708;458;21;39
N00002709;2485;17;11
N00002710;1566;11;26
N00002711;1211;19;26
N00002712;3069;9;16
N00002713;2008;11;21
N00002714;3813;8;8
N00002715;3601;8;14
N00002716;2798;15;16
N00002717;1968;14;15
N00002718;3357;12;12
N00002719;3510;9;13
N00002720;1531;15;25
N00002721;1091;21;24
N00002722;3424;7;13
N00002723;463;26;29
N00002724;1082;10;37
N00002725;2067;14;17
N00002726;1315;16;26
N00002727;2770;12;12
N00002728;2696;10;17
N00002729;977;16;27
N00002730;1230;17;27
N00002731;1052;18;29
N00002732;1237;17;25
N00002733;2271;16;16
N00002734;3931;12;9
N00002735;3735;9;11
N00002736;2960;13;10
N00002737;3394;13;10
N00002738;3843;7;10
N00002739;2985;12;11
N00002740;2394;16;15
N00002741;3446;10;16
N00002742;470;15;46
N00002743;1254;20;21
N00002744;113;17;57
N00002745;127;21;50
N00002746;1373;17;30
N00002747;2593;12;19
N00002748;1271;19;22
N00002749;1547;14;30
N00002750;1014;11;39
N00002751;614;14;44
N00002752;2459;15;17
N00002753;3889;4;15
N00002754;3457;7;15
N00002755;3557;7;16
N00002756;4275;9;13
N00002757;3311;10;19
N00002758;2438;9;24
N00002759;3594;10;15
N00002760;4484;6;8
N00002761;3779;13;10
N00002762;4252;10;8
N00002763;3501;9;12
N00002764;2033;14;19
N00002765;2096;9;16
N00002766;2279;15;14
N00002767;2941;12;15
N00002768;1095;19;29
N00002769;2178;15;16
N00002770;2743;8;15
N00002771;644;18;39
N00002772;1865;15;24
N00002773;690;19;40
N00002774;4199;8;9
N00002775;2431;19;13
N00002776;3162;12;16
N00002777;248;22;43
N00002778;347;18;44
N00002779;2194;13;15
N00002780;2851;10;15
N00002781;2831;11;13
N00002782;2135;13;18
N00002783;2747;9;17
N00002784;1908;12;21
N00002785;1793;16;20
N00002786;2234;10;19
N00002787;1921;11;22
N00002788;2413;15;12
N00002789;952;20;30
N00002790;2451;14;19
N00002791;3133;13;12
N00002792;2883;15;11
N00002793;1154;18;28
N00002794;2418;12;14
N00002795;1831;11;22
N00002796;1103;20;21
N00002797;2080;17;13
N00002798;2681;12;10
N00002799;1350;17;22
N00002800;2784;13;15
N00002801;3251;12;11
N00002802;2004;14;17
N00002803;1556;19;19
N00002804;1084;21;21
N00002805;1355;15;25
N00002806;3172;10;14
N00002807;1939;17;12
N00002808;1569;18;18
N00002809;2822;11;16
N00002810;1136;19;29
N00002811;1422;19;20
N00002812;795;19;28
N00002813;1148;18;26
N00002814;1462;11;24
N00002815;355;16;35
N00002816;2843;10;17
N00002817;1991;15;23
N00002818;1650;15;24
N00002819;1028;14;35
N00002820;1983;19;13
N00002821;3134;10;8
N00002822;2180;13;17
N00002823;1621;13;27
N00002824;2552;16;13
N00002825;2881;13;12
N00002826;1802;12;18
N00002827;2539;11;13
N00002828;1360;18;20
N00002829;3328;11;14
N00002830;2310;15;14
N00002831;2255;16;10
N00002832;2983;9;17
N00002833;2924;10;17
N00002834;2647;13;13
N00002835;3370;9;15
N00002836;2927;14;16
N00002837;2520;11;16
N00002838;2037;14;14
N00002839;1246;15;26
N00002840;2040;14;17
N00002841;2993;9;19
N00002842;1695;14;24
N00002843;2032;9;29
N00002844;691;15;41
N00002845;1914;9;28
N00002846;1919;15;26
N00002847;2056;16;21
N00002848;1139;17;31
N00002849;320;9;55
N00002850;421;19;40
N00002851;315;27;34
N00002852;763;21;30
N00002853;1106;15;28
N00002854;2379;9;28
N00002855;2782;12;16
N00002856;1691;16;27
N00002857;3029;12;14
N00002858;3669;7;7
N00002859;3831;6;9
N00002860;2126;14;20
N00002861;3978;6;10
N00002862;2020;8;22
N00002863;3325;6;12
N00002864;3200;12;13
N00002865;2288;17;13
N00002866;2009;17;14
N00002867;2868;14;14
N00002868;1729;16;26
N00002869;2490;15;16
N00002870;2209;13;22
N00002871;1574;17;22
N00002872;1395;11;30
N00002873;2106;9;26
N00002874;991;15;30
N00002875;2708;13;12
N00002876;2207;14;17
N00002877;917;17;29
N00002878;1786;8;21
N00002879;2216;15;19
N00002880;2641;13;14
N00002881;3583;9;10
N00002882;1993;14;21
N00002883;2059;15;16
N00002884;3089;12;13
N00002885;1682;11;27
N00002886;3964;7;9
N00002887;3024;12;10
N00002888;4138;8;12
N00002889;2285;11;23
N00002890;3228;10;15
N00002891;3151;15;9
N00002892;2309;16;16
N00002893;2162;10;24
N00002894;2854;11;17
N00002895;2139;16;15
N00002896;2671;16;10
N00002897;3627;9;12
N00002898;1969;16;15
N00002899;1498;17;20
N00002900;2503;7;22
N00002901;2027;15;20
N00002902;2493;9;20
N00002903;1250;17;21
N00002904;1982;18;20
N00002905;2331;14;22
N00002906;2658;7;27
N00002907;2456;14;18
N00002908;2197;10;22
N00002909;1815;16;19
N00002910;2660;12;17
N00002911;2360;14;17
N00002912;3368;8;11
N00002913;3463;7;12
N00002914;2021;16;17
N00002915;2261;10;24
N00002916;2973;14;13
N00002917;1764;18;16
N00002918;1390;18;17
N00002919;2306;16;11
N00002920;1585;18;18
N00002921;1614;16;15
N00002922;1058;17;22
N00002923;1589;17;18
N00002924;825;21;30
N00002925;1264;21;14
N00002926;497;27;30
N00002927;1096;19;18
N00002928;2532;11;16
N00002929;1286;20;18
N00002930;2445;16;14
N00002931;2745;13;13
N00002932;1951;13;20
N00002933;2721;13;11
N00002934;948;23;17
N00002935;1664;18;11
N00002936;2540;13;15
N00002937;1474;18;20
N00002938;2566;12;15
N00002939;2746;10;11
N00002940;1105;23;17
N00002941;1075;17;30
N00002942;2492;13;12
N00002943;2551;14;16
N00002944;2446;10;21
N00002945;3056;12;15
N00002946;602;18;35
N00002947;1357;9;33
N00002948;2819;15;15
N00002949;1762;19;22
N00002950;3432;13;13
N00002951;2500;10;27
N00002952;3244;15;10
N00002953;988;20;27
N00002954;2430;17;11
N00002955;2217;14;14
N00002956;1304;19;23
N00002957;1308;13;30
N00002958;2242;9;17
N00002959;2794;14;15
N00002960;2873;11;10
N00002961;1314;23;16
N00002962;1644;16;23
N00002963;1943;19;14
N00002964;2596;12;18
N00002965;1887;16;11
N00002966;2001;17;16
N00002967;837;19;32
N00002968;1310;14;34
N00002969;193;31;44
N00002970;817;13;38
N00002971;372;23;39
N00002972;31;24;51
N00002973;1449;21;15
N00002974;1187;21;17
N00002975;2116;19;15
N00002976;1904;14;24
N00002977;1158;18;22
N00002978;1625;17;15
N00002979;582;17;40
N00002980;3040;11;19
N00002981;2211;7;24
N00002982;1907;15;24
N00002983;2118;12;13
N00002984;134;23;42
N00002985;700;16;42
N00002986;692;15;42
N00002987;1658;16;21
N00002988;1657;18;15
N00002989;1975;17;15
N00002990;2412;11;8
N00002991;1408;16;23
N00002992;1660;22;11
N00002993;60;27;51
N00002994;1476;17;22
N00002995;1654;20;19
N00002996;663;16;45
N00002997;974;20;31
N00002998;2316;12;26
N00002999;892;15;37
N00003000;1917;14;16
N00003001;1282;14;24
N00003002;1167;19;23
N00003003;2545;14;15
N00003004;249;30;31
N00003005;2735;13;11
N00003006;3438;13;11
N00003007;2085;17;11
N00003008;3260;10;13
N00003009;3187;9;13
N00003010;3022;7;18
N00003011;2190;11;22
N00003012;2467;14;16
N00003013;1599;18;16
N00003014;2719;14;14
N00003015;2592;13;14
N00003016;1912;18;14
N00003017;2375;13;15
N00003018;984;20;29
N00003019;678;15;41
N00003020;2405;11;19
N00003021;1179;20;25
N00003022;1545;19;21
N00003023;277;21;41
N00003024;1800;14;26
N00003025;2517;13;17
N00003026;1629;22;15
N00003027;1901;15;15
N00003028;2477;14;15
N00003029;3375;11;12
N00003030;494;20;40
N00003031;1838;16;14
N00003032;1825;16;12
N00003033;1132;20;19
N00003034;222;20;53
N00003035;511;23;29
N00003036;811;23;25
N00003037;1050;20;27
N00003038;932;21;20
N00003039;1192;16;27
N00003040;350;23;36
N00003041;845;27;22
N00003042;436;25;35
N00003043;668;14;38
N00003044;2763;14;13
N00003045;3767;9;12
N00003046;3696;13;11
N00003047;782;25;17
N00003048;1292;21;15
N00003049;907;22;26
N00003050;1442;17;18
N00003051;1194;21;15
N00003052;361;26;31
N00003053;3086;8;21
N00003054;3576;12;14
N00003055;3418;11;14
N00003056;3231;10;15
N00003057;512;17;34
N00003058;501;26;33
N00003059;3119;6;18
N00003060;721;20;38
N00003061;1810;17;18
N00003062;2308;16;14
N00003063;1645;16;20
N00003064;1571;18;18
N00003065;1325;11;34
N00003066;1637;18;16
N00003067;3102;9;19
N00003068;1391;12;28
N00003069;457;21;38
N00003070;554;22;35
N00003071;547;14;40
N00003072;1109;14;35
N00003073;3641;8;11
N00003074;2575;13;13
N00003075;2537;10;16
N00003076;2947;12;14
N00003077;3351;5;16
N00003078;2791;15;12
N00003079;1249;14;30
N00003080;1119;19;31
N00003081;75;30;41
N00003082;615;19;37
N00003083;1129;18;25
N00003084;1892;8;27
N00003085;856;18;37
N00003086;1976;13;25
N00003087;2683;12;18
N00003088;1034;15;35
N00003089;3152;10;14
N00003090;3506;6;14
N00003091;3930;10;9
N00003092;1306;16;30
N00003093;3146;15;13
N00003094;3558;12;5
N00003095;3953;7;9
N00003096;2241;16;19
N00003097;4115;6;13
N00003098;1703;12;25
N00003099;2026;15;21
N00003100;1602;16;20
N00003101;1489;12;29
N00003102;2087;10;18
N00003103;3935;3;12
N00003104;1328;16;23
N00003105;532;17;35
N00003106;335;25;35
N00003107;15;32;63
N00003108;3131;9;22
N00003109;3088;7;16
N00003110;1160;16;30
N00003111;927;8;47
N00003112;1666;13;28
N00003113;1879;9;28
N00003114;1166;10;39
N00003115;1511;16;30
N00003116;3887;5;17
N00003117;2198;14;20
N00003118;681;9;46
N00003119;1425;10;32
N00003120;3459;15;12
N00003121;3562;11;13
N00003122;3939;4;15
N00003123;2073;12;15
N00003124;1076;18;19
N00003125;1749;12;17
N00003126;1776;15;13
N00003127;2153;15;13
N00003128;1748;14;26
N00003129;1860;20;16
N00003130;3465;10;15
N00003131;3265;10;11
N00003132;1885;19;14
N00003133;4184;9;11
N00003134;2094;11;24
N00003135;2355;10;20
N00003136;2624;15;16
N00003137;966;10;48
N00003138;1488;15;28
N00003139;2558;10;13
N00003140;2465;10;19
N00003141;2538;8;16
N00003142;3512;10;11
N00003143;801;20;27
N00003144;2013;13;15
N00003145;2699;11;15
N00003146;3060;12;14
N00003147;3999;9;9
N00003148;3969;9;10
N00003149;3652;7;11
N00003150;3205;13;8
N00003151;1241;15;32
N00003152;2613;12;12
N00003153;3077;11;14
N00003154;3284;11;9
N00003155;631;24;25
N00003156;1061;21;26
N00003157;3356;9;17
N00003158;1756;15;24
N00003159;3256;10;14
N00003160;982;18;35
N00003161;2772;15;16
N00003162;1484;17;26
N00003163;2655;12;14
N00003164;3600;9;11
N00003165;437;22;34
N00003166;2694;11;16
N00003167;2956;10;15
N00003168;1503;18;24
N00003169;931;19;31
N00003170;1423;13;31
N00003171;135;18;50
N00003172;184;21;53
N00003173;1150;15;30
N00003174;11;28;63
N00003175;530;15;44
N00003176;1601;22;19
N00003177;762;20;35
N00003178;1524;18;27
N00003179;947;20;36
N00003180;2191;12;31
N00003181;2626;11;22
N00003182;3833;7;14
N00003183;2935;11;19
N00003184;1356;14;29
N00003185;839;13;38
N00003186;409;15;43
N00003187;929;21;30
N00003188;1504;21;17
N00003189;1175;22;19
N00003190;2448;14;14
N00003191;1035;17;29
N00003192;1038;19;32
N00003193;2793;11;16
N00003194;1671;18;15
N00003195;1850;16;23
N00003196;2086;17;19
N00003197;2107;11;22
N00003198;2901;9;18
N00003199;1926;14;19
N00003200;2311;13;16
N00003201;1361;20;19
N00003202;1352;14;23
N00003203;2668;7;20
N00003204;862;14;38
N00003205;1448;18;26
N00003206;2604;7;22
N00003207;2807;11;16
N00003208;916;23;25
N00003209;1956;15;19
N00003210;575;25;26
N00003211;12;25;60
N00003212;473;19;47
N00003213;702;12;44
N00003214;3;28;67
N00003215;442;20;43
N00003216;1747;14;24
N00003217;2435;12;21
N00003218;2816;9;19
N00003219;2944;8;5
N00003220;971;19;27
N00003221;2892;13;19
N00003222;2912;11;16
N00003223;413;17;47
N00003224;1696;18;20
N00003225;2903;9;20
N00003226;4155;7;11
N00003227;2168;14;23
N00003228;2443;9;23
N00003229;527;10;50
N00003230;55;29;55
N00003231;73;19;56
N00003232;1568;21;17
N00003233;531;21;40
N00003234;1274;19;23
N00003235;2111;17;18
N00003236;2332;11;26
N00003237;2315;12;21
N00003238;2121;13;20
N00003239;1544;19;21
N00003240;3703;8;4
N00003241;3400;6;13
N00003242;3052;11;11
N00003243;3268;9;12
N00003244;2861;14;10
N00003245;2852;15;10
N00003246;2810;11;18
N00003247;3666;9;11
N00003248;2865;13;13
N00003249;3857;6;10
N00003250;4224;8;9
N00003251;4176;11;8
N00003252;1171;13;22
N00003253;2962;9;16
N00003254;4021;3;14
N00003255;2795;12;15
N00003256;4010;8;9
N00003257;4297;11;8
N00003258;4289;9;5
N00003259;4218;3;9
N00003260;4358;2;8
N00003261;4286;7;8
N00003262;3990;10;7
N00003263;2758;14;11
N00003264;3602;10;6
N00003265;3892;8;8
N00003266;3405;10;9
N00003267;3479;8;7
N00003268;3282;10;11
N00003269;3845;8;9
N00003270;2925;13;7
N00003271;538;18;35
N00003272;1700;7;31
N00003273;4219;10;7
N00003274;941;19;33
N00003275;608;15;38
N00003276;4081;10;7
N00003277;3984;9;11
N00003278;2372;11;21
N00003279;1053;16;27
N00003280;4211;7;6
N00003281;2281;7;16
N00003282;3096;12;13
N00003283;912;17;36
N00003284;1605;15;23
N00003285;2400;12;23
N00003286;3896;8;13
N00003287;3636;6;13
N00003288;3898;10;13
N00003289;4268;7;12
N00003290;3505;10;10
N00003291;4412;7;5
N00003292;4139;8;8
N00003293;1343;16;20
N00003294;136;20;50
N00003295;250;10;49
N00003296;128;13;54
N00003297;265;20;39
N00003298;330;10;50
N00003299;100;18;51
N00003300;10;29;55
N00003301;790;10;44
N00003302;130;16;50
N00003303;462;11;39
N00003304;89;20;46
N00003305;107;26;41
N00003306;2597;8;18
N00003307;2809;10;17
N00003308;2361;11;18
N00003309;1906;13;23
N00003310;1538;12;25
N00003311;2581;12;20
N00003312;3254;11;16
N00003313;2433;12;22
N00003314;3928;7;13
N00003315;4077;11;10
N00003316;2012;15;19
N00003317;3447;12;11
N00003318;3656;10;10
N00003319;4271;5;9
N00003320;3398;11;14
N00003321;3223;11;11
N00003322;3239;10;12
N00003323;3820;8;11
N00003324;3665;8;12
N00003325;3253;10;14
N00003326;2319;14;15
N00003327;3914;9;6
N00003328;3646;9;9
N00003329;4085;6;5
N00003330;4160;5;6
N00003331;3724;14;6
N00003332;3350;14;7
N00003333;3144;7;15
N00003334;4030;9;9
N00003335;3448;11;15
N00003336;3483;11;8
N00003337;2204;16;15
N00003338;3181;13;16
N00003339;3342;13;13
N00003340;2642;8;27
N00003341;3316;8;19
N00003342;3532;11;13
N00003343;900;20;31
N00003344;3717;8;13
N00003345;3922;11;12
N00003346;4490;5;8
N00003347;4346;6;11
N00003348;4059;8;11
N00003349;3668;9;11
N00003350;3190;11;14
N00003351;2497;9;19
N00003352;3546;10;11
N00003353;3410;11;12
N00003354;3359;7;14
N00003355;2995;12;12
N00003356;2897;12;11
N00003357;3110;11;8
N00003358;2736;13;13
N00003359;2830;6;15
N00003360;1759;12;25
N00003361;3729;6;17
N00003362;4334;7;7
N00003363;3681;9;15
N00003364;4315;7;9
N00003365;4520;6;6
N00003366;4135;7;12
N00003367;4483;5;10
N00003368;1234;18;20
N00003369;2425;14;21
N00003370;2189;12;17
N00003371;752;21;27
N00003372;842;15;31
N00003373;1572;17;23
N00003374;1580;11;30
N00003375;2062;15;22
N00003376;768;25;21
N00003377;1318;20;22
N00003378;2970;8;21
N00003379;2676;13;19
N00003380;1231;10;32
N00003381;769;14;38
N00003382;1327;12;28
N00003383;1713;15;21
N00003384;4417;6;8
N00003385;3150;14;9
N00003386;1740;17;18
N00003387;4372;9;6
N00003388;3719;14;8
N00003389;4505;4;4
N00003390;3891;9;16
N00003391;3061;14;14
N00003392;3604;9;11
N00003393;4229;4;8
N00003394;3805;11;6
N00003395;4281;8;8
N00003396;4034;11;7
N00003397;699;14;41
N00003398;3270;6;19
N00003399;2547;10;22
N00003400;4009;6;13
N00003401;4232;4;11
N00003402;262;14;47
N00003403;72;19;54
N00003404;305;14;48
N00003405;397;10;52
N00003406;859;20;27
N00003407;3414;11;10
N00003408;2245;11;25
N00003409;3607;8;12
N00003410;3397;11;14
N00003411;3795;5;12
N00003412;831;14;31
N00003413;1579;13;24
N00003414;2687;16;14
N00003415;2143;10;19
N00003416;2005;9;22
N00003417;664;19;40
N00003418;429;22;32
N00003419;3647;9;13
N00003420;1186;16;29
N00003421;2371;9;20
N00003422;3000;11;21
N00003423;1647;12;28
N00003424;2262;12;25
N00003425;508;26;28
N00003426;2801;11;17
N00003427;2833;12;13
N00003428;3335;8;14
N00003429;1185;14;30
N00003430;1909;15;17
N00003431;1804;11;23
N00003432;2984;10;11
N00003433;2277;13;16
N00003434;3046;9;17
N00003435;2860;6;18
N00003436;3773;11;9
N00003437;4126;10;11
N00003438;4171;11;11
N00003439;4459;1;12
N00003440;4309;6;11
N00003441;3651;12;13
N00003442;3274;12;17
N00003443;3523;12;9
N00003444;3778;6;8
N00003445;3068;14;11
N00003446;3673;11;11
N00003447;3041;3;15
N00003448;2777;13;15
N00003449;3707;10;7
N00003450;3009;9;14
N00003451;4000;8;9
N00003452;3959;5;9
N00003453;4132;11;7
N00003454;3924;7;13
N00003455;3766;10;12
N00003456;3860;11;10
N00003457;2414;17;16
N00003458;4002;7;14
N00003459;4055;5;10
N00003460;3938;8;14
N00003461;3936;7;15
N00003462;4452;5;8
N00003463;3834;11;6
N00003464;4152;9;13
N00003465;2535;10;26
N00003466;2951;16;12
N00003467;4260;7;8
N00003468;4157;7;9
N00003469;2471;10;16
N00003470;3874;8;8
N00003471;1784;16;21
N00003472;3625;9;12
N00003473;3066;8;18
N00003474;4228;9;6
N00003475;3974;10;9
N00003476;3764;12;9
N00003477;3809;8;12
N00003478;4054;9;11
N00003479;4373;8;7
N00003480;1121;15;31
N00003481;4060;10;12
N00003482;2479;5;24
N00003483;1475;13;25
N00003484;322;27;31
N00003485;2117;9;21
N00003486;1159;14;28
N00003487;1042;17;30
N00003488;696;18;32
N00003489;598;18;34
N00003490;202;13;51
N00003491;171;19;52
N00003492;587;17;38
N00003493;563;16;37
N00003494;2502;10;25
N00003495;3383;7;19
N00003496;1532;16;27
N00003497;1320;13;30
N00003498;1946;15;23
N00003499;2120;8;23
N00003500;2484;16;20
N00003501;3108;10;17
N00003502;860;10;45
N00003503;2760;13;16
N00003504;4322;4;9
N00003505;737;22;32
N00003506;1518;10;31
N00003507;1295;13;31
N00003508;805;21;27
N00003509;3760;3;16
N00003510;1813;10;22
N00003511;949;21;25
N00003512;1774;15;19
N00003513;1500;15;26
N00003514;626;11;44
N00003515;149;25;43
N00003516;148;24;40
N00003517;403;16;50
N00003518;252;19;45
N00003519;201;24;44
N00003520;263;21;43
N00003521;4369;5;2
N00003522;4287;5;13
N00003523;4340;6;7
N00003524;4019;9;11
N00003525;4355;5;11
N00003526;4241;5;8
N00003527;3229;9;12
N00003528;3621;9;10
N00003529;2439;14;15
N00003530;2233;16;14
N00003531;3657;9;13
N00003532;3264;13;13
N00003533;1994;18;16
N00003534;1337;18;24
N00003535;3294;10;13
N00003536;2441;12;15
N00003537;2081;11;25
N00003538;3189;9;14
N00003539;3628;10;11
N00003540;2911;9;18
N00003541;2259;10;23
N00003542;328;21;39
N00003543;3404;11;14
N00003544;1853;14;27
N00003545;3111;11;16
N00003546;3188;12;15
N00003547;1949;18;17
N00003548;2100;14;20
N00003549;1375;16;20
N00003550;4039;10;9
N00003551;4040;7;12
N00003552;1823;16;21
N00003553;3213;15;13
N00003554;1068;15;31
N00003555;1903;10;23
N00003556;1396;15;29
N00003557;889;8;35
N00003558;2976;12;12
N00003559;2475;15;16
N00003560;3434;10;11
N00003561;3002;11;11
N00003562;2524;11;23
N00003563;1962;13;21
N00003564;3612;6;10
N00003565;3700;11;10
N00003566;2698;14;15
N00003567;3626;8;11
N00003568;3401;6;9
N00003569;3389;5;8
N00003570;2847;11;13
N00003571;2598;13;15
N00003572;2584;13;15
N00003573;2090;19;14
N00003574;1535;21;14
N00003575;2482;12;15
N00003576;2876;12;13
N00003577;2322;11;23
N00003578;3208;11;13
N00003579;2640;14;11
N00003580;4027;7;10
N00003581;1372;19;20
N00003582;2365;15;18
N00003583;1965;15;23
N00003584;1291;13;32
N00003585;1677;13;27
N00003586;745;21;29
N00003587;2994;13;14
N00003588;1739;19;16
N00003589;3168;8;19
N00003590;2342;16;12
N00003591;2390;14;18
N00003592;2541;13;14
N00003593;2857;9;14
N00003594;2554;10;19
N00003595;3007;11;12
N00003596;2586;14;14
N00003597;2533;13;17
N00003598;3348;16;9
N00003599;2335;11;22
N00003600;747;22;25
N00003601;3620;12;13
N00003602;1398;20;22
N00003603;3118;8;18
N00003604;1537;16;25
N00003605;345;17;42
N00003606;3474;10;14
N00003607;4348;5;10
N00003608;2474;14;20
N00003609;1548;12;30
N00003610;1698;16;23
N00003611;1611;11;26
N00003612;2875;15;14
N00003613;2147;13;16
N00003614;2006;17;15
N00003615;1513;17;20
N00003616;1687;16;18
N00003617;1227;16;27
N00003618;1737;17;15
N00003619;2710;11;16
N00003620;3174;12;13
N00003621;1880;18;17
N00003622;2855;13;14
N00003623;2014;11;26
N00003624;1656;17;17
N00003625;808;20;31
N00003626;2629;15;11
N00003627;743;22;28
N00003628;2610;12;19
N00003629;2214;15;22
N00003630;2291;14;21
N00003631;573;21;31
N00003632;2869;12;16
N00003633;41;33;46
N00003634;810;22;27
N00003635;2174;11;23
N00003636;1927;17;14
N00003637;3870;8;15
N00003638;3369;10;14
N00003639;3273;13;15
N00003640;1001;16;37
N00003641;1697;18;13
N00003642;876;22;20
N00003643;2091;13;20
N00003644;3493;14;9
N00003645;2406;11;21
N00003646;2283;15;19
N00003647;2574;14;15
N00003648;2526;11;16
N00003649;2630;13;12
N00003650;2105;15;17
N00003651;1586;16;20
N00003652;1490;16;19
N00003653;3391;9;12
N00003654;609;22;32
N00003655;405;21;47
N00003656;1183;23;18
N00003657;806;22;31
N00003658;1790;16;21
N00003659;1006;22;20
N00003660;2462;12;20
N00003661;1792;15;27
N00003662;567;20;41
N00003663;983;15;37
N00003664;1468;20;21
N00003665;1049;19;26
N00003666;1113;19;26
N00003667;2766;12;16
N00003668;2171;17;15
N00003669;1584;19;14
N00003670;1558;17;20
N00003671;434;21;40
N00003672;1098;23;20
N00003673;2258;8;22
N00003674;2421;18;11
N00003675;890;20;25
N00003676;838;15;39
N00003677;1059;12;33
N00003678;1168;11;34
N00003679;905;19;33
N00003680;401;19;44
N00003681;578;15;31
N00003682;187;12;59
N00003683;789;21;31
N00003684;445;13;43
N00003685;2224;12;21
N00003686;1112;14;34
N00003687;1915;14;23
N00003688;1122;15;24
N00003689;230;13;48
N00003690;2470;12;18
N00003691;1216;21;16
N00003692;1630;18;16
N00003693;2399;13;17
N00003694;1508;22;15
N00003695;2871;13;16
N00003696;1200;19;18
N00003697;2161;15;15
N00003698;2550;13;16
N00003699;2047;19;16
N00003700;2616;14;15
N00003701;3537;9;11
N00003702;3582;13;8
N00003703;2958;15;12
N00003704;2210;17;17
N00003705;1430;18;24
N00003706;1018;20;32
N00003707;2324;15;17
N00003708;2115;15;22
N00003709;1771;15;24
N00003710;1526;15;30
N00003711;1260;22;19
N00003712;1679;15;26
N00003713;1818;11;26
N00003714;356;22;40
N00003715;1891;10;31
N00003716;395;28;29
N00003717;937;21;24
N00003718;2612;14;20
N00003719;2842;16;13
N00003720;3575;6;15
N00003721;840;25;24
N00003722;731;28;20
N00003723;835;29;18
N00003724;555;25;26
N00003725;928;20;32
N00003726;561;27;24
N00003727;103;37;50
N00003728;1045;22;19
N00003729;759;24;30
N00003730;589;26;24
N00003731;1213;21;23
N00003732;144;28;50
N00003733;151;31;47
N00003734;1570;12;28
N00003735;562;15;35
N00003736;1228;16;25
N00003737;1081;8;39
N00003738;377;19;39
N00003739;785;23;26
N00003740;570;20;35
N00003741;158;25;41
N00003742;1273;9;34
N00003743;3399;11;14
N00003744;3122;11;17
N00003745;3431;12;8
N00003746;3113;12;19
N00003747;2739;14;16
N00003748;1676;19;18
N00003749;1509;22;20
N00003750;3451;13;13
N00003751;3662;9;14
N00003752;3141;10;18
N00003753;1333;18;26
N00003754;2403;17;11
N00003755;1897;17;16
N00003756;18;22;50
N00003757;2363;9;28
N00003758;1564;20;18
N00003759;1276;14;33
N00003760;670;15;38
N00003761;1830;15;23
N00003762;2215;16;14
N00003763;1913;19;12
N00003764;2028;16;16
N00003765;1958;18;16
N00003766;2514;15;16
N00003767;2979;13;13
N00003768;3313;13;15
N00003769;1478;15;29
N00003770;1010;15;28
N00003771;1551;16;26
N00003772;278;13;54
N00003773;1011;21;23
N00003774;2110;16;16
N00003775;3136;15;12
N00003776;2411;12;23
N00003777;638;20;34
N00003778;399;23;36
N00003779;163;23;45
N00003780;3283;10;16
N00003781;2257;10;26
N00003782;3310;9;14
N00003783;2097;10;25
N00003784;1077;17;39
N00003785;2199;18;15
N00003786;2489;14;17
N00003787;2112;17;16
N00003788;1336;17;29
N00003789;1673;19;13
N00003790;499;22;35
N00003791;1674;17;23
N00003792;1047;18;31
N00003793;1847;19;15
N00003794;1377;17;28
N00003795;978;23;25
N00003796;715;33;18
N00003797;751;24;25
N00003798;776;22;31
N00003799;2986;10;18
N00003800;3224;15;14
N00003801;1997;18;16
N00003802;3240;11;19
N00003803;2237;13;20
N00003804;2494;16;13
N00003805;1935;10;30
N00003806;1235;12;34
N00003807;750;12;41
N00003808;1261;14;30
N00003809;3417;12;11
N00003810;667;11;41
N00003811;3363;8;14
N00003812;1763;15;24
N00003813;1634;18;20
N00003814;1180;18;30
N00003815;447;24;35
N00003816;753;9;42
N00003817;2636;11;13
N00003818;1429;16;22
N00003819;2158;13;17
N00003820;2167;11;15
N00003821;1155;21;17
N00003822;1643;18;22
N00003823;2870;14;14
N00003824;1309;23;16
N00003825;2172;14;20
N00003826;3411;12;10
N00003827;2652;11;15
N00003828;1267;19;14
N00003829;1426;18;20
N00003830;940;21;20
N00003831;1044;23;11
N00003832;656;29;22
N00003833;440;23;35
N00003834;738;18;37
N00003835;1834;16;19
N00003836;2752;12;20
N00003837;2396;15;17
N00003838;2304;17;14
N00003839;2155;19;10
N00003840;3010;11;14
N00003841;2921;13;18
N00003842;3169;15;14
N00003843;1821;11;27
N00003844;3548;14;8
N00003845;1344;21;23
N00003846;1701;14;25
N00003847;1583;13;30
N00003848;1415;19;24
N00003849;976;22;22
N00003850;519;30;27
N00003851;685;30;22
N00003852;623;23;33
N00003853;2109;16;19
N00003854;1094;21;19
N00003855;1483;22;19
N00003856;1305;23;19
N00003857;2289;16;15
N00003858;1761;17;16
N00003859;1214;17;28
N00003860;1514;20;19
N00003861;1877;16;17
N00003862;1898;18;16
N00003863;253;24;38
N00003864;2132;10;23
N00003865;1455;13;27
N00003866;2263;10;24
N00003867;1379;14;28
N00003868;1859;14;23
N00003869;1704;11;28
N00003870;438;27;27
N00003871;3691;12;12
N00003872;346;20;38
N00003873;1302;17;27
N00003874;2061;17;18
N00003875;1174;21;23
N00003876;1078;24;16
N00003877;2648;13;12
N00003878;2011;18;10
N00003879;2362;14;13
N00003880;2461;17;13
N00003881;3137;11;20
N00003882;4099;4;14
N00003883;3466;12;15
N00003884;2275;13;18
N00003885;1844;11;24
N00003886;1533;12;31
N00003887;1837;14;27
N00003888;4046;6;8
N00003889;2728;12;22
N00003890;1459;8;34
N00003891;2602;11;16
N00003892;2344;14;17
N00003893;1770;17;21
N00003894;1685;14;27
N00003895;2548;11;18
N00003896;1530;12;31
N00003897;874;14;32
N00003898;4349;9;11
N00003899;4005;12;11
N00003900;1204;11;29
N00003901;300;25;34
N00003902;3804;10;11
N00003903;4447;9;5
N00003904;2508;17;15
N00003905;1727;11;31
N00003906;1573;14;23
N00003907;3065;8;13
N00003908;755;11;41
N00003909;1301;16;29
N00003910;1864;13;20
N00003911;3811;9;12
N00003912;3791;10;13
N00003913;1609;8;28
N00003914;3790;7;12
N00003915;1245;14;21
N00003916;3728;6;12
N00003917;1428;13;31
N00003918;1087;17;27
N00003919;3816;6;14
N00003920;3153;8;18
N00003921;3286;10;17
N00003922;2695;11;19
N00003923;3462;9;14
N00003924;2453;8;21
N00003925;3182;9;15
N00003926;3943;7;8
N00003927;4326;7;9
N00003928;1866;12;28
N00003929;4089;4;11
N00003930;3609;9;15
N00003931;1256;14;28
N00003932;3261;11;11
N00003933;3568;10;9
N00003934;2590;12;13
N00003935;2902;15;13
N00003936;4122;7;11
N00003937;3732;11;6
N00003938;2638;13;16
N00003939;3796;6;9
N00003940;3595;9;13
N00003941;3807;9;10
N00003942;4293;7;8
N00003943;3403;8;15
N00003944;3467;8;13
N00003945;3751;8;13
N00003946;4272;3;11
N00003947;3825;8;10
N00003948;4036;4;10
N00003949;4063;6;9
N00003950;2853;13;17
N00003951;2952;8;21
N00003952;3315;6;17
N00003953;3654;9;15
N00003954;3709;8;14
N00003955;3888;2;14
N00003956;3763;7;12
N00003957;353;15;40
N00003958;872;16;34
N00003959;1433;14;30
N00003960;3242;14;12
N00003961;3605;2;17
N00003962;3982;7;13
N00003963;4100;2;12
N00003964;2041;11;19
N00003965;3266;13;14
N00003966;1170;11;28
N00003967;4246;7;9
N00003968;2917;7;19
N00003969;2144;17;19
N00003970;3006;9;17
N00003971;2378;10;22
N00003972;1400;10;34
N00003973;3704;13;10
N00003974;4198;7;8
N00003975;3958;9;10
N00003976;3539;7;13
N00003977;3864;5;14
N00003978;3877;9;12
N00003979;2996;9;15
N00003980;4230;5;12
N00003981;1162;15;31
N00003982;2498;12;20
N00003983;764;16;36
N00003984;1554;14;27
N00003985;478;12;40
N00003986;536;15;40
N00003987;435;21;40
N00003988;770;18;36
N00003989;76;30;45
N00003990;4237;7;6
N00003991;2276;12;20
N00003992;3948;6;13
N00003993;3527;13;11
N00003994;3965;8;6
N00003995;3227;9;11
N00003996;2166;15;17
N00003997;3789;11;9
N00003998;3309;12;9
N00003999;3675;11;10
N00004000;816;15;32
N00004001;926;17;32
N00004002;306;20;42
N00004003;1206;13;27
N00004004;629;16;37
N00004005;507;17;49
N00004006;779;19;33
N00004007;224;23;39
N00004008;3422;9;15
N00004009;3442;11;15
N00004010;3513;8;14
N00004011;3574;11;13
N00004012;4172;9;11
N00004013;3637;10;12
N00004014;4307;4;8
N00004015;3856;8;15
N00004016;3746;10;12
N00004017;3754;9;11
N00004018;2301;9;23
N00004019;3521;7;13
N00004020;3247;6;16
N00004021;3873;6;11
N00004022;545;17;40
N00004023;1280;21;22
N00004024;844;16;31
N00004025;2327;8;21
N00004026;4053;5;11
N00004027;3859;6;13
N00004028;2227;13;21
N00004029;2730;9;25
N00004030;2931;7;17
N00004031;635;13;37
N00004032;2265;13;21
N00004033;1388;7;31
N00004034;1972;12;19
N00004035;3536;3;16
N00004036;2267;15;18
N00004037;2353;13;16
N00004038;1453;18;20
N00004039;3179;11;13
N00004040;4164;8;10
N00004041;1990;13;25
N00004042;4201;10;11
N00004043;4345;8;10
N00004044;3212;13;16
N00004045;3092;10;17
N00004046;2595;7;24
N00004047;4465;7;6
N00004048;4458;6;7
N00004049;4399;7;9
N00004050;4117;11;8
N00004051;4386;6;6
N00004052;4503;5;7
N00004053;3508;12;8
N00004054;3880;7;12
N00004055;1718;12;28
N00004056;3731;9;12
N00004057;3723;9;10
N00004058;3861;9;9
N00004059;4141;9;6
N00004060;3082;12;11
N00004061;4008;5;10
N00004062;4380;7;8
N00004063;3949;5;11
N00004064;4367;7;9
N00004065;170;19;46
N00004066;1839;9;27
N00004067;354;25;36
N00004068;1270;10;29
N00004069;373;18;38
N00004070;1970;14;18
N00004071;491;21;32
N00004072;920;17;30
N00004073;3373;10;13
N00004074;3706;8;12
N00004075;4382;4;10
N00004076;3159;9;16
N00004077;3425;10;8
N00004078;2557;12;17
N00004079;1992;12;24
N00004080;641;12;36
N00004081;2170;11;23
N00004082;1362;17;21
N00004083;594;10;38
N00004084;4329;4;8
N00004085;3343;9;16
N00004086;182;21;48
N00004087;3433;12;12
N00004088;3995;10;13
N00004089;3812;13;9
N00004090;4515;4;3
N00004091;4530;3;2
N00004092;3858;13;9
N00004093;1724;15;21
N00004094;2063;10;24
N00004095;654;14;41
N00004096;1004;15;32
N00004097;1149;13;27
N00004098;227;23;46
N00004099;2603;12;16
N00004100;1153;14;34
N00004101;1311;12;35
N00004102;331;27;36
N00004103;599;12;47
N00004104;2811;4;22
N00004105;298;20;51
N00004106;153;26;41
N00004107;2290;10;25
N00004108;1146;12;30
N00004109;2637;14;18
N00004110;3765;9;12
N00004111;4385;5;9
N00004112;4409;3;11
N00004113;3968;11;10
N00004114;3023;16;15
N00004115;4137;4;13
N00004116;3986;12;9
N00004117;4185;10;10
N00004118;3049;16;13
N00004119;3916;10;14
N00004120;2401;13;18
N00004121;3476;8;17
N00004122;4200;9;9
N00004123;4333;8;10
N00004124;3685;10;14
N00004125;3919;12;9
N00004126;4374;9;9
N00004127;4221;10;7
N00004128;4069;13;7
N00004129;4180;11;4
N00004130;4029;11;8
N00004131;3983;10;12
N00004132;2776;13;16
N00004133;4317;6;7
N00004134;3695;7;14
N00004135;3714;10;13
N00004136;3550;15;7
N00004137;4416;8;7
N00004138;4245;8;8
N00004139;4031;11;10
N00004140;4510;6;5
N00004141;3932;6;12
N00004142;4080;8;10
N00004143;3783;9;13
N00004144;3149;11;16
N00004145;3748;10;10
N00004146;3638;11;13
N00004147;3196;10;21
N00004148;1287;7;37
N00004149;4361;8;11
N00004150;3444;10;14
N00004151;3697;10;16
N00004152;3798;6;13
N00004153;4242;7;9
N00004154;3850;14;6
N00004155;1536;14;29
N00004156;279;32;30
N00004157;3632;6;16
N00004158;3912;10;12
N00004159;1436;16;27
N00004160;652;23;22
N00004161;880;19;27
N00004162;432;22;33
N00004163;4274;8;9
N00004164;4231;8;8
N00004165;3106;13;12
N00004166;2286;17;14
N00004167;1145;16;32
N00004168;109;25;48
N00004169;2578;15;20
N00004170;3522;15;10
N00004171;4225;9;11
N00004172;3761;7;16
N00004173;3246;10;19
N00004174;4471;5;8
N00004175;4121;10;9
N00004176;4145;5;14
N00004177;2804;16;17
N00004178;4086;11;10
N00004179;4357;5;10
N00004180;3976;11;9
N00004181;2788;17;14
N00004182;4414;8;8
N00004183;1069;21;37
N00004184;4057;8;17
N00004185;3664;11;13
N00004186;3970;11;13
N00004187;4350;5;12
N00004188;3109;15;15
N00004189;3926;6;11
N00004190;3619;9;18
N00004191;4042;7;14
N00004192;2326;15;22
N00004193;3698;13;8
N00004194;4026;11;8
N00004195;673;23;25
N00004196;4181;7;9
N00004197;139;33;39
N00004198;95;35;37
N00004199;2908;14;10
N00004200;4109;11;6
N00004201;3847;6;11
N00004202;3076;12;17
N00004203;2729;11;17
N00004204;3744;8;10
N00004205;1527;18;22
N00004206;579;23;29
N00004207;2886;15;14
N00004208;963;18;26
N00004209;3298;10;17
N00004210;728;22;28
N00004211;3565;12;8
N00004212;3504;11;11
N00004213;337;18;38
N00004214;311;21;34
N00004215;3042;14;13
N00004216;1092;19;27
N00004217;559;18;38
N00004218;869;14;32
N00004219;4088;11;6
N00004220;2940;14;14
N00004221;4041;6;8
N00004222;3808;10;14
N00004223;2387;12;14
N00004224;4282;7;7
N00004225;4028;11;8
N00004226;3015;8;23
N00004227;4279;9;9
N00004228;3902;9;13
N00004229;4067;8;9
N00004230;3972;9;8
N00004231;4035;7;11
N00004232;4149;7;9
N00004233;4376;6;6
N00004234;4435;5;9
N00004235;2899;16;12
N00004236;4204;7;5
N00004237;3927;8;10
N00004238;3989;10;8
N00004239;4443;7;5
N00004240;4192;7;11
N00004241;4161;9;7
N00004242;4037;8;7
N00004243;1331;16;22
N00004244;243;22;39
N00004245;2815;7;23
N00004246;4325;3;7
N00004247;4150;8;11
N00004248;349;22;40
N00004249;1812;15;24
N00004250;653;14;30
N00004251;292;22;41
N00004252;3535;10;16
N00004253;4429;6;9
N00004254;3127;14;13
N00004255;4310;6;9
N00004256;3800;11;12
N00004257;3458;10;19
N00004258;1890;17;22
N00004259;3140;5;25
N00004260;4092;10;9
N00004261;3072;11;15
N00004262;829;18;32
N00004263;1093;16;30
N00004264;919;19;27
N00004265;1708;11;28
N00004266;4264;6;9
N00004267;2787;14;16
N00004268;2887;15;16
N00004269;2452;12;19
N00004270;4093;7;7
N00004271;1272;20;23
N00004272;2409;17;14
N00004273;3163;11;15
N00004274;1496;21;18
N00004275;3378;9;12
N00004276;3379;17;7
N00004277;3942;9;6
N00004278;2646;9;20
N00004279;4273;8;6
N00004280;4251;9;6
N00004281;4395;10;7
N00004282;777;19;39
N00004283;4177;9;11
N00004284;4442;7;6
N00004285;4043;7;9
N00004286;4283;3;6
N00004287;981;20;31
N00004288;1102;18;28
N00004289;648;24;35
N00004290;2420;13;18
N00004291;3667;8;12
N00004292;1065;21;26
N00004293;3360;15;8
N00004294;2802;14;5
N00004295;4072;10;15
N00004296;3911;7;18
N00004297;2252;16;20
N00004298;4254;6;7
N00004299;3759;12;15
N00004300;4291;5;12
N00004301;3941;13;6
N00004302;3890;7;19
N00004303;2817;16;14
N00004304;3581;10;11
N00004305;4140;9;9
N00004306;486;28;29
N00004307;1534;18;20
N00004308;3426;6;17
N00004309;3634;12;13
N00004310;3993;7;13
N00004311;1639;18;18
N00004312;3566;8;10
N00004313;2522;8;24
N00004314;3563;10;10
N00004315;439;22;33
N00004316;3741;8;11
N00004317;1966;21;9
N00004318;2700;16;15
N00004319;3186;8;15
N00004320;1920;13;24
N00004321;4431;5;8
N00004322;3757;6;13
N00004323;3435;11;13
N00004324;2765;12;25
N00004325;4263;7;13
N00004326;3390;10;17
N00004327;3554;14;12
N00004328;3516;13;13
N00004329;2071;10;18
N00004330;3249;14;14
N00004331;3518;13;8
N00004332;3392;11;15
N00004333;914;15;33
N00004334;323;25;39
N00004335;724;22;32
N00004336;431;23;33
N00004337;1382;13;24
N00004338;2464;7;22
N00004339;2506;13;16
N00004340;2674;11;12
N00004341;2039;17;14
N00004342;1437;16;23
N00004343;1164;21;25
N00004344;2124;13;29
N00004345;2565;9;23
N00004346;875;17;40
N00004347;3158;10;17
N00004348;807;13;40
N00004349;675;10;42
N00004350;2690;11;18
N00004351;3206;10;11
N00004352;2154;17;15
N00004353;1616;18;14
N00004354;1745;15;16
N00004355;2910;10;19
N00004356;727;10;43
N00004357;2949;8;21
N00004358;1539;15;28
N00004359;1618;17;23
N00004360;3552;10;16
N00004361;313;18;46
N00004362;2900;13;19
N00004363;2273;9;19
N00004364;2369;14;15
N00004365;1667;13;26
N00004366;915;8;42
N00004367;2092;9;25
N00004368;3209;10;13
N00004369;1567;11;29
N00004370;1321;17;24
N00004371;2942;12;12
N00004372;2328;10;20
N00004373;1111;21;21
N00004374;968;19;21
N00004375;1608;14;26
N00004376;1957;17;17
N00004377;2165;9;17
N00004378;321;21;43
N00004379;1559;15;33
N00004380;4148;9;11
N00004381;2663;11;16
N00004382;591;11;47
N00004383;1477;8;39
N00004384;2173;13;22
N00004385;4153;6;9
N00004386;2246;16;13
N00004387;3128;10;14
N00004388;2673;14;16
N00004389;2639;11;17
N00004390;2716;8;18
N00004391;1303;21;20
N00004392;256;28;44
N00004393;1115;8;42
N00004394;260;17;50
N00004395;704;17;39
N00004396;2424;14;16
N00004397;2060;13;20
N00004398;2714;11;13
N00004399;2930;12;13
N00004400;2458;12;17
N00004401;2594;14;14
N00004402;2434;9;23
N00004403;3016;13;17
N00004404;1731;14;26
N00004405;797;13;40
N00004406;131;25;44
N00004407;3358;10;15
N00004408;2340;13;21
N00004409;3011;11;15
N00004410;2704;11;18
N00004411;2175;12;24
N00004412;1709;15;25
N00004413;1124;11;41
N00004414;212;31;42
N00004415;340;18;42
N00004416;510;20;40
N00004417;2756;8;17
N00004418;1313;17;18
N00004419;3210;8;15
N00004420;2457;11;18
N00004421;1778;16;20
N00004422;2264;14;15
N00004423;1300;19;19
N00004424;930;21;22
N00004425;1876;15;23
N00004426;1916;14;19
N00004427;1384;14;26
N00004428;1501;15;19
N00004429;1948;14;16
N00004430;1840;12;21
N00004431;1789;13;23
N00004432;66;21;62
N00004433;1402;13;32
N00004434;1269;16;34
N00004435;1832;14;23
N00004436;1652;20;18
N00004437;1497;12;31
N00004438;1900;14;21
N00004439;1506;11;26
N00004440;1485;19;22
N00004441;2057;12;14
N00004442;1932;12;14
N00004443;1857;18;13
N00004444;2201;11;25
N00004445;2491;13;15
N00004446;1288;18;24
N00004447;1692;13;27
N00004448;2572;13;17
N00004449;1552;16;23
N00004450;2771;9;18
N00004451;1780;14;20
N00004452;477;19;49
N00004453;112;30;49
N00004454;234;22;45
N00004455;483;16;40
N00004456;217;21;50
N00004457;1451;16;35
N00004458;2415;9;25
N00004459;995;16;34
N00004460;895;13;45
N00004461;634;21;37
N00004462;744;8;51
N00004463;2164;13;19
N00004464;1097;13;35
N00004465;2347;14;17
N00004466;1546;16;23
N00004467;2113;11;17
N00004468;1440;16;24
N00004469;1342;16;26
N00004470;410;17;46
N00004471;682;26;25
N00004472;1627;14;18
N00004473;707;21;25
N00004474;156;24;49
N00004475;4;30;65
N00004476;90;27;50
N00004477;64;27;55
N00004478;1457;17;20
N00004479;1807;13;27
N00004480;1123;18;28
N00004481;989;23;24
N00004482;1565;13;28
N00004483;122;23;47
N00004484;1424;17;26
N00004485;830;15;28
N00004486;188;23;46
N00004487;390;27;26
N00004488;1516;13;24
N00004489;640;22;30
N00004490;1465;15;24
N00004491;1156;9;37
N00004492;1332;17;27
N00004493;1928;13;16
N00004494;918;14;39
N00004495;314;18;47
N00004496;1469;19;23
N00004497;393;18;41
N00004498;1882;15;24
N00004499;141;23;57
N00004500;26;30;60
N00004501;2212;13;15
N00004502;1765;14;17
N00004503;2274;11;15
N00004504;1293;15;32
N00004505;1368;17;20
N00004506;1706;11;25
N00004507;1624;9;32
N00004508;1371;11;34
N00004509;1030;16;32
N00004510;1117;10;34
N00004511;223;28;40
N00004512;1367;18;22
N00004513;1023;17;31
N00004514;1871;16;17
N00004515;2583;12;16
N00004516;1550;15;19
N00004517;1414;15;21
N00004518;1952;11;25
N00004519;793;11;41
N00004520;1817;15;23
N00004521;718;12;49
N00004522;3498;7;16
N00004523;1736;18;23
N00004524;1176;16;37
N00004525;2845;8;22
N00004526;1809;17;18
N00004527;1705;12;25
N00004528;1218;16;22
N00004529;1760;17;21
N00004530;1182;17;26
N00004531;1638;14;28
N00004532;1319;19;20
N00004533;1074;17;33
N00004534;1439;17;24
N00004535;1836;13;29
N00004536;921;10;44
N00004537;43;24;62